...1,id,ph,ce,om_value,n,p,k,bd,clay,silt,sand,class,ring,text,park_id,name,greenspace_type,comuna,woody_ratio,grass_ratio,structure_cat,stgohot_decile_mean,condition,clase,woody_decile,temp_decile,priority_score,sampling_priority,lon,lat,join_distance_m,within_park
1,1,7.41,0.83,5.31,16,16,163,1.05,14,38,48,park,outer,Lo,239,PARQUE PORTALES DE NOS,Urban Park,NA,0.7125369228118817,0.2865321394304431,High Woody Cover,NA,NA,NA,5,NA,NA,P5 — Intermediate,-70.7091,-33.638648,198.13123182625023,TRUE
2,2,7.54,1.54,3.67,23,24,131,1.21,28,42,30,park,outer,ClLo,490,D1035 Ernesto Alvear  Av. Concha y Toro  Eyzaguirre,Roadside,PUENTE ALTO,0.7133365209572144,0.285816593968213,High Woody Cover,NA,Poor condition,PLAZA,6,NA,NA,P5 — Intermediate,-70.625603,-33.632019,3360.4782580362057,FALSE
3,3,7.57,0.9,4.88,30,64,365,1.11,20,40,40,park,outer,Lo,490,D1035 Ernesto Alvear  Av. Concha y Toro  Eyzaguirre,Roadside,PUENTE ALTO,0.7133365209572144,0.285816593968213,High Woody Cover,NA,Poor condition,PLAZA,6,NA,NA,P5 — Intermediate,-70.588886,-33.630981,2751.8074390888014,FALSE
4,4,7.43,0.11,5.14,18,18,261,1.1,12,35,53,park,outer,SaLo,544,Plaza Pedro Aguirre Cerda,Lawn Park,SAN BERNARDO,0.7316082249385171,0.2675267008934089,High Woody Cover,6,Good condition,PLAZA,8,2,5,P3 — Forest + Cool,-70.711468,-33.604681,46.13687102285282,TRUE
5,5,7.61,1.38,3.4,7,8,316,1.2,22,42,36,park,outer,Lo,543,Plaza La Divina Providencia,Lawn Park,NA,0.7070365395363819,0.29186529893349183,High Woody Cover,6,NA,NA,4,2,3,P5 — Intermediate,-70.670714,-33.6055,101.37571480007126,TRUE
6,6,7.97,0.49,3.4,31.5,19,187,1.24,18,34,48,park,outer,Lo,491,D1084 Blanco EncaladaEnrique Faverio,Roadside,NA,0.7129113098999712,0.28627569313551027,High Woody Cover,NA,NA,NA,5,NA,NA,P5 — Intermediate,-70.622984,-33.611961,1925.056802921392,FALSE
7,7,7.71,0.84,5.29,48,88,359,1.19,12,30,58,park,outer,SaLo,490,D1035 Ernesto Alvear  Av. Concha y Toro  Eyzaguirre,Roadside,PUENTE ALTO,0.7133365209572144,0.285816593968213,High Woody Cover,NA,Poor condition,PLAZA,6,NA,NA,P5 — Intermediate,-70.584068,-33.607461,1696.7597740497936,FALSE
8,8,7.91,0.65,2.83,36,19,157,1.25,16,38,46,park,outer,Lo,493,B3105 Sanchez Fontecilla  Av. Las Perdices (Sur  Poniente),Roadside,PUENTE ALTO,0.7028718231391468,0.2962156003720525,High Woody Cover,NA,Good condition,PLAZA,3,NA,NA,P5 — Intermediate,-70.550152,-33.612336,1566.4684510764696,FALSE
9,9,7.89,0.34,2.97,11,5,177,0.95,20,36,44,park,outer,Lo,279,PARQUE CENTRAL,Urban Park,MAIPU,0.6909761275519906,0.3081260909960735,High Woody Cover,NA,Good condition,BANDEJON,2,NA,NA,P5 — Intermediate,-70.788688,-33.562521,538.9913363589551,TRUE
10,10,7.94,0.43,3.19,9,6,223,0.91,24,54,22,park,outer,SiLo,280,PARQUE BARRIO NORTE,Urban Park,MAIPU,0.6865772163774412,0.312565505475309,High Woody Cover,NA,Good condition,PARQUE,1,NA,NA,P5 — Intermediate,-70.774499,-33.562897,431.3068557031845,TRUE
11,11,7.59,2.72,3.46,12,38,215,1.3,24,32,44,park,outer,Lo,52,PLAZA DE ARMAS SAN BERNARDO,Lawn Park,SAN BERNARDO,0.7218116877813247,0.2771859700928263,High Woody Cover,NA,Good condition,PLAZA,7,NA,NA,P5 — Intermediate,-70.70554,-33.573444,2092.7814768483126,FALSE
12,12,7.78,2.01,2.16,5,7,69,1.32,22,38,40,park,outer,Lo,330,PARQUE EL POETA,Urban Park,EL BOSQUE,0.7081477290600819,0.2908159947307756,High Woody Cover,7,Good condition,PLAZA,4,5,4.5,P5 — Intermediate,-70.669106,-33.571253,277.1641682439172,TRUE
13,13,7.9,0.67,3.64,31,10,90,1.15,16,46,38,roadside park,outer,Lo,496,Plaza San Nestor,Lawn Park,LA PINTANA,0.7205633204945735,0.27851307492725524,High Woody Cover,7,Poor condition,PLAZA,7,8,7.5,P5 — Intermediate,-70.624761,-33.564728,271.7291690344484,TRUE
14,14,7.59,0.2,2.82,20.5,12,86.5,1.27,18,36,46,roadside park,outer,Lo,494,A2037  Av. Eyzaguirre  Carlos A. Luco   Croacia,Roadside,PUENTE ALTO,0.7015971534192551,0.297316456571685,High Woody Cover,6,Good condition,BANDEJON,3,2,3,P5 — Intermediate,-70.579651,-33.57148,1397.8776164598764,FALSE
15,15,7.47,0.62,2.98,28,8,125,1.11,26,56,18,park,outer,SiLo,494,A2037  Av. Eyzaguirre  Carlos A. Luco   Croacia,Roadside,PUENTE ALTO,0.7015971534192551,0.297316456571685,High Woody Cover,6,Good condition,BANDEJON,3,2,3,P5 — Intermediate,-70.546388,-33.57236,1815.687712197046,FALSE
16,16,7.8,0.36,3.68,21,15,141,0.85,20,40,40,roadside park,outer,Lo,86,PARQUE VALLE DE LOS REYES,Urban Park,MAIPU,0.7107124399461685,0.28846366910888266,High Woody Cover,NA,Good condition,PLAZA,5,NA,NA,P5 — Intermediate,-70.79501,-33.529136,377.27383909446473,TRUE
17,17,7.69,0.74,5.17,10,9,199,0.85,13,38,49,roadside park,outer,Lo,89,PARQUE REPUBLICA,Urban Park,MAIPU,0.7223049517923278,0.2766745564030621,High Woody Cover,7,Good condition,PLAZA,7,3,5,P5 — Intermediate,-70.761339,-33.529619,1701.2554281725281,FALSE
18,18,7.74,0.13,3.32,17,25.5,217,1.31,15,36,49,roadside park,outer,Lo,502,Plaza Don Ramón,Lawn Park,LO ESPEJO,0.7423014968573103,0.25671200380957226,High Woody Cover,7,Good condition,PLAZA,9,9,9,P1 — Forest + Hot,-70.704659,-33.531342,27.351397182055152,TRUE
19,19,7.94,0.64,3.8,16.5,11,132,1.29,16,32,52,park,inner,Lo,462,Plaza Los Bomberos,Lawn Park,LA CISTERNA,0.7137742131681021,0.2851351335362018,High Woody Cover,NA,Good condition,PLAZA,6,NA,NA,P5 — Intermediate,-70.672017,-33.532256,41.53111525610198,TRUE
20,20,7.71,2.4,3.16,20,9,117,1.21,14,40,46,park,inner,Lo,346,PARQUE COMBARBALA,Urban Park,LA GRANJA,0.7132887546374007,0.2856860423903138,High Woody Cover,NA,Poor condition,BANDEJON,6,NA,NA,P5 — Intermediate,-70.624491,-33.535955,711.9453346538643,TRUE
21,21,7.99,0.42,3.64,14,19,152,1.19,30,40,30,park,outer,ClLo,335,BANDEJONES AV LA FLORIDA,Roadside,LA FLORIDA,0.7331503943174593,0.2658711838662011,High Woody Cover,NA,Good condition,BANDEJON,8,NA,NA,P5 — Intermediate,-70.578787,-33.53348,409.2226021570867,TRUE
22,22,7.68,0.69,2.55,21,23,225,1.27,24,44,32,park,outer,Lo,168,PARQUE LAS TINAJAS,Urban Park,NA,0.8193024013553835,0.18028903906105653,High Woody Cover,NA,NA,NA,10,NA,NA,P5 — Intermediate,-70.538891,-33.536597,112.22937673692574,TRUE
23,23,7.51,0.29,4.54,14,116,417,0.95,24,36,40,park,outer,Lo,270,PARQUE PUERTA DE HIERRO,Urban Park,MAIPU,0.713823360960426,0.2854139972671291,High Woody Cover,NA,Poor condition,PLAZA,6,NA,NA,P5 — Intermediate,-70.796075,-33.501481,95.16145852088286,TRUE
24,24,7.94,0.43,3.49,19,5,147,1.24,18,36,46,park,outer,Lo,81,PARQUE PRIMO DE RIVERA,Urban Park,MAIPU,0.8552281206432125,0.14441240146877668,High Woody Cover,NA,Good condition,PLAZA,10,NA,NA,P5 — Intermediate,-70.75248,-33.498272,471.6510716950628,TRUE
25,25,8.15,0.43,2.46,12,6,99,1.33,14,42,44,park,inner,Lo,64,PARQUE DIDACTICO,Urban Park,CERRILLOS,0.707057217844894,0.29209121424668427,High Woody Cover,6,Poor condition,PLAZA,4,1,2.5,P5 — Intermediate,-70.714994,-33.500105,901.4615841812649,TRUE
26,26,8,0.9,2.41,14,35,293,1.24,24,40,36,park,inner,Lo,468,Plaza Dávila,Lawn Park,PAC,0.7002477880787943,0.29862491712580835,High Woody Cover,NA,Poor condition,PLAZA,3,NA,NA,P5 — Intermediate,-70.664658,-33.498834,1108.2007686427817,FALSE
27,27,7.85,0.5,3.97,28,12,125,1.17,20,40,40,park,inner,Lo,470,Plaza El Pinar,Lawn Park,SAN JOAQUIN,0.7253814739860052,0.2735372492935149,High Woody Cover,7,Good condition,PLAZA,7,8,7.5,P5 — Intermediate,-70.624014,-33.498328,611.8964333839253,TRUE
28,28,7.64,0.61,5.55,31.5,22,144,1.11,22,50,28,park,outer,Lo/SiLo,112,PARQUE VESPUCIO,Urban Park,PENALOLEN,0.7199057484627072,0.2791233650946915,High Woody Cover,7,Good condition,PLAZA,7,3,5,P5 — Intermediate,-70.583298,-33.497998,9.875207424818797,TRUE
29,29,7.4,0.84,5.95,12,10.5,286.5,1.04,25,50,25,park,outer,Lo/SiLo,293,PLAZA CICLOVIA LAS PERDICES 3Âº TRAMO LOS PRESIDENTES ANTUPIREN,Lawn Park,PENALOLEN,0.7468619018906796,0.2523018730787424,High Woody Cover,NA,Poor condition,PLAZA,9,NA,NA,P5 — Intermediate,-70.545497,-33.49513,983.32948108443,TRUE
30,30,7.65,0.7,4.03,23,62,432,1.21,18,34,48,park,inner,Lo,440,Plaza Isla Trelat,Lawn Park,PUDAHUEL,0.7218589585772027,0.27715473260293205,High Woody Cover,7,Poor condition,PLAZA,7,7,7,P5 — Intermediate,-70.753838,-33.459358,710.5975799340669,TRUE
31,31,7.94,0.35,3.41,17,10,150,1.16,24,44,32,park,inner,Lo,275,PISCINA MUNICIPAL,Lawn Park,MAIPU,0.7085256052487349,0.2907060725016308,High Woody Cover,NA,Good condition,CAMPO DEPORTIVO,5,NA,NA,P5 — Intermediate,-70.709979,-33.46347,201.35318415903615,TRUE
32,32,7.53,0.62,7.91,50,116.5,451,1.14,16,32,52,park,inner,Lo,413,Plaza Arauco,Lawn Park,SANTIAGO,0.6963636721537185,0.30281587116006636,High Woody Cover,7,Good condition,PLAZA,2,6,4,P5 — Intermediate,-70.670098,-33.468776,19.30881624474145,TRUE
33,33,7.19,1.82,6.95,7,23,540,1.08,16,42,42,roadside park,inner,Lo,57,PARQUE GERMAN PICA CANAS SECTOR NORTE,Urban Park,NUNOA,0.6904671488448622,0.30850688710407537,High Woody Cover,NA,Good condition,PLAZA,2,NA,NA,P5 — Intermediate,-70.624743,-33.46128,354.6937720469981,TRUE
34,34,7.67,0.94,4.61,14.5,11.5,226.5,1.28,27,38,35,park,inner,Lo,243,PARQUE JUAN XXIII,Urban Park,NUNOA,0.7106277148958753,0.28854036670336075,High Woody Cover,NA,Good condition,PARQUE,5,NA,NA,P5 — Intermediate,-70.583539,-33.464519,618.1411774262999,TRUE
35,35,7.9,0.56,3.68,18,21,286,1.28,26,42,32,roadside park,outer,Lo,117,PARQUE RICARDO CONTRERAS SECCION B,Urban Park,LA REINA,0.730666735158851,0.2683019123688427,High Woody Cover,7,Poor condition,PLAZA,8,3,5.5,P3 — Forest + Cool,-70.538116,-33.463035,597.1601616611551,TRUE
36,36,7.72,1.58,2.13,14,26,288,1.26,14,42,44,park,inner,Lo,20,PARQUE LA HONDONADA,Urban Park,NA,0.6856089084546356,0.31364154084805473,High Woody Cover,NA,NA,NA,1,NA,NA,P5 — Intermediate,-70.752125,-33.425006,567.7985840857674,TRUE
37,37,7.63,0.95,4.93,15,43,546,1.23,16,34,50,park,inner,Lo,41,PARQUE CERRO NAVIA,Urban Park,CERRO NAVIA,0.7088820834912818,0.2901871743250424,High Woody Cover,NA,Good condition,PARQUE,5,NA,NA,P5 — Intermediate,-70.714214,-33.422271,629.327022119193,TRUE
38,38,7.85,0.95,3.29,2,50,243,1.32,22,38,40,park,inner,Lo,404,Plaza Juan Antonio Ríos 1,Lawn Park,INDEPENDENCIA,0.7006194873196712,0.29842962499543646,High Woody Cover,7,Good condition,PLAZA,3,6,4.5,P5 — Intermediate,-70.666291,-33.424475,327.63536927349924,TRUE
39,39,7.45,1.59,7.94,13,34,244,0.98,22,38,40,roadside park,inner,Lo,32,PLAZA DE LA AVIACION,Lawn Park,PROVIDENCIA,0.6724115240289829,0.3267763945591438,High Woody Cover,NA,Good condition,PARQUE,1,NA,NA,P5 — Intermediate,-70.621628,-33.429766,331.18430061289,TRUE
40,40,7.23,0.18,4.23,8.5,6.5,156.5,1.16,21,38,41,roadside park,inner,Lo,390,Plaza La Concordia,Lawn Park,LAS CONDES,0.7050287098532307,0.2939962811659745,High Woody Cover,7,Good condition,PLAZA,4,6,5,P5 — Intermediate,-70.578632,-33.427101,809.8624711814532,TRUE
41,41,7.53,0.91,3.32,6,16,187,1.18,18,38,44,park,outer,Lo,454,Plaza Vía Láctea,Lawn Park,LAS CONDES,0.7366881509451465,0.26243008337031987,High Woody Cover,6,Good condition,PLAZA,8,1,4.5,P3 — Forest + Cool,-70.53749,-33.426338,114.6870250945439,TRUE
42,42,7.84,1.12,2.4,22,31,309,1.42,20,26,54,park,inner,SaClLo/SaLo,365,PLAZA LA COSTA,Lawn Park,RENCA,0.6804734627658596,0.3186852877732174,High Woody Cover,7,Poor condition,PLAZA,1,5,3,P5 — Intermediate,-70.744906,-33.395889,726.2154487270368,TRUE
43,43,7.71,1.35,1.96,18,8,493,1.57,18,36,46,roadside park,inner,Lo,95,BANDEJÓN LOS HELECHOS 1,Roadside,NA,0.6989262473509161,0.3000929280308579,High Woody Cover,NA,NA,NA,3,NA,NA,P5 — Intermediate,-70.700076,-33.393247,554.9760776035594,TRUE
44,44,7.56,1.62,3.82,11,23,374,1.09,22,38,40,park,inner,Lo,152,PARQUE SANTA MÓNICA,Urban Park,RECOLETA,0.8129518934006914,0.18666911451573484,High Woody Cover,NA,Good condition,PARQUE,10,NA,NA,P5 — Intermediate,-70.664643,-33.389976,824.4908724488866,TRUE
45,45,7.59,0.68,5.34,12,16,249,1.15,10,28,62,roadside park,inner,SaLo,154,PLAZA QUINTA BELLA I,Lawn Park,RECOLETA,0.6978001560934158,0.3011228578579345,High Woody Cover,7,Poor condition,PLAZA,2,4,3,P5 — Intermediate,-70.626445,-33.396804,905.5557866547557,TRUE
46,46,7.27,0.87,3.93,2,8,207,1.23,22,34,44,park,outer,Lo,94,PLAZA COLOMBIA,Lawn Park,VITACURA,0.6964525661856376,0.30266998688949875,High Woody Cover,6,Good condition,PLAZA,2,1,1.5,P4 — Grass + Cool,-70.578404,-33.391319,664.7702597534013,TRUE
47,47,7.32,0.65,3.23,34,32,590,1.08,36,44,20,roadside park,outer,ClLo,68,PLAZA CORTE DE APELACIONES,Lawn Park,VITACURA,0.6910226102413157,0.3080079082468247,High Woody Cover,7,Good condition,PLAZA,2,3,2.5,P4 — Grass + Cool,-70.536521,-33.390212,846.0670291681944,TRUE
48,48,7.61,1.13,1.66,6,6,160,1.19,22,40,38,park,outer,Lo,414,Plaza El Convento / Los Monjes,Lawn Park,LAS CONDES,0.672651326036528,0.32651557225359024,High Woody Cover,6,Good condition,PLAZA,1,1,1,P4 — Grass + Cool,-70.503998,-33.39016,344.4861818873177,TRUE
49,49,7.48,1.35,4.07,17,29,307,1.09,20,44,36,park,outer,Lo,425,Plaza Los Mercenarios,Lawn Park,QUILICURA,0.7098868319325792,0.28905427760760727,High Woody Cover,7,Poor condition,PLAZA,5,7,6,P5 — Intermediate,-70.751511,-33.352653,1212.6092575147973,FALSE
50,50,7.71,1.34,4.79,16,75,425,1.09,24,44,32,park,outer,Lo,370,Plaza Romeral,Lawn Park,QUILICURA,0.7180836062239305,0.2808673369124003,High Woody Cover,NA,Good condition,PLAZA,6,NA,NA,P5 — Intermediate,-70.71508,-33.355236,1701.6766066029618,FALSE
51,51,7.86,0.58,3.58,18,26,358,1.12,28,34,38,park,outer,ClLo,257,PARQUE AMERICO VESPUCIO (NORTE),Urban Park,CONCHALI,0.718403020693038,0.2808216710470428,High Woody Cover,NA,Good condition,PARQUE,6,NA,NA,P5 — Intermediate,-70.666883,-33.354125,2423.6509614021616,FALSE
52,52,7.66,2.36,2.37,3,23,324,1.29,18,44,38,park,outer,Lo,517,Parque Huechuraba,Urban Park,NA,0.8236792962832629,0.17572533684962058,High Woody Cover,NA,NA,NA,10,NA,NA,P5 — Intermediate,-70.630789,-33.360556,615.1367544990851,TRUE
53,53,7.52,0.49,3.76,12.5,29.5,298,1.16,22,31,47,park,outer,Lo,307,PARQUE LAS PATAGUAS,Urban Park,LO BARNECHEA,0.7203165867386084,0.27876311368660245,High Woody Cover,NA,Good condition,BANDEJON,7,NA,NA,P5 — Intermediate,-70.536056,-33.357706,501.033584469553,TRUE
54,54,7.15,2.55,2.63,13,29,298,1.28,16,26,58,roadside park,outer,SaLo,137,PARQUE DE LA CHILENIDAD,Urban Park,NA,0.8863976227945333,0.11329922880360556,High Woody Cover,NA,NA,NA,10,NA,NA,P5 — Intermediate,-70.493382,-33.363458,866.9014055869975,TRUE
55,55,7.66,0.44,3.69,6,27,603,1.13,14,22,64,roadside park,outer,SaLo,122,BANDEJÓN CENTRAL BOULEVARD JARDÍN DE LOS PÁJAROS,Roadside,LO BARNECHEA,0.706407723480868,0.29279716571101677,High Woody Cover,NA,Good condition,BANDEJON,4,NA,NA,P5 — Intermediate,-70.542119,-33.323631,515.5983523445443,TRUE
56,56,7.18,0.77,8.62,52,88,584,1.17,22,36,42,roadside park,inner,Lo,398,Plaza Jorge Montt,Lawn Park,SANTIAGO,0.6958408121100956,0.30322747323892363,High Woody Cover,7,Good condition,PLAZA,2,6,4,P5 — Intermediate,-70.679461,-33.470283,874.6617948368852,TRUE
57,57,7.55,0.97,8.35,23,65,146,1.02,16,30,54,park,inner,SaLo,455,Parque Centenario,Urban Park,NA,0.6642733111796976,0.33500169145213726,High Woody Cover,NA,NA,NA,1,NA,NA,P5 — Intermediate,-70.667742,-33.473575,297.0027339692698,TRUE
58,58,7.81,0.39,4.08,20,44,304,1.19,26,32,42,roadside park,inner,Lo,455,Parque Centenario,Urban Park,NA,0.6642733111796976,0.33500169145213726,High Woody Cover,NA,NA,NA,1,NA,NA,P5 — Intermediate,-70.666676,-33.476072,170.8436645946649,TRUE
59,59,7.62,0.64,5.07,19,41,339,1.16,30,36,34,roadside park,inner,ClLo,398,Plaza Jorge Montt,Lawn Park,SANTIAGO,0.6958408121100956,0.30322747323892363,High Woody Cover,7,Good condition,PLAZA,2,6,4,P5 — Intermediate,-70.672542000000007,-33.475047000000004,42.3281465396104,TRUE
