park_id,name,area_m2,greenspace_type,mean_woody,mean_grass,total_veg_idx,woody_ratio,grass_ratio,structure_cat,condition,clase,comuna,temp_am_c,temp_af_c,temp_pm_c,area_ha,stgohot_decile_mean,woody_decile,temp_decile,length_decile,priority_score,sampling_priority
417,"Parque Forestal, Sector 2b",6114.03292404,Urban Park,0.18445676565170288,0.03964401036500931,0.2241007760167122,0.8227302729672679,0.1768236982464958,High Woody Cover,Good condition,PARQUE,SANTIAGO,19.44017219543457,31.80326271057129,28.998729705810547,0.61,7,10,10,NA,10,P1 — Forest + Hot
416,"Parque Forestal, Sector 1b",5766.13527995,Urban Park,0.15985502302646637,0.03998829051852226,0.19984331354498863,0.799501719723665,0.1999981385200192,High Woody Cover,Good condition,PARQUE,SANTIAGO,19.719266891479492,31.74711799621582,29.15123176574707,0.58,7,9,9,NA,9,P1 — Forest + Hot
520,PARQUE SAN ESTEBAN DE HUNGRIA,3559.18561751,Urban Park,0.07634155452251434,0.027666984125971794,0.10400853864848614,0.7332881194334624,0.26575134455961463,High Woody Cover,Good condition,BANDEJON,NUNOA,20.138290405273438,32.19033432006836,29.34108543395996,0.36,7,7,10,NA,8.5,P5 — Intermediate
354,PARQUE AVENIDA PERÚ,7481.89734211,Urban Park,0.07456333190202713,0.02770560421049595,0.10226893611252308,0.7283784977511902,0.2706446434105965,High Woody Cover,Good condition,BANDEJON,RECOLETA,19.289512634277344,31.461896896362305,29.30937385559082,0.75,7,7,9,NA,8,P5 — Intermediate
519,PARQUE SAN ESTEBAN DE HUNGRIA,5684.41691493,Urban Park,0.07025603950023651,0.02701488696038723,0.09727092646062374,0.7215299479423939,0.2774430514565546,High Woody Cover,Good condition,BANDEJON,PROVIDENCIA,20.19423484802246,32.01896667480469,29.221464157104492,0.57,7,6,10,NA,8,P5 — Intermediate
342,PARQUE MANUTARA,9585.81599727,Urban Park,0.07034896314144135,0.025986772030591965,0.09633573517203331,0.7294906086000658,0.26947243139935345,High Woody Cover,Good condition,PLAZA,LA FLORIDA,19.05704689025879,31.361404418945312,29.015439987182617,0.96,7,7,8,NA,7.5,P5 — Intermediate
296,PARQUE QUILIN 1,6166.01201664,Urban Park,0.09467100352048874,0.03404516726732254,0.12871617078781128,0.7349310489630438,0.2642926509855852,High Woody Cover,Good condition,PLAZA,PENALOLEN,17.428165435791016,31.858291625976562,29.5142879486084,0.62,7,7,7,NA,7,P5 — Intermediate
107,PARQUE TOBALABA ETAPA 4,5439.31790866,Urban Park,0.17182967066764832,0.04979170858860016,0.22162137925624847,0.774980163140068,0.22456882036194958,High Woody Cover,Poor condition,PLAZA,PENALOLEN,17.906187057495117,31.481674194335938,29.409160614013672,0.54,7,9,4,NA,6.5,P5 — Intermediate
329,PARQUE SANTA ELENA,6653.06520496,Urban Park,0.06551247835159302,0.02618470788002014,0.09169718623161316,0.7136654296385372,0.2852452123527359,High Woody Cover,Good condition,PLAZA,EL BOSQUE,18.929290771484375,31.48661231994629,29.02435302734375,0.67,7,5,8,NA,6.5,P5 — Intermediate
341,PARQUE ENTRE LAGOS,7222.78016077,Urban Park,0.06830135732889175,0.027126498520374298,0.09542785584926605,0.714988907912524,0.28396427700813626,High Woody Cover,Good condition,PLAZA,LA FLORIDA,18.922903060913086,31.610633850097656,29.33200454711914,0.72,7,5,8,NA,6.5,P5 — Intermediate
343,PARQUE URBANO Y VEREDON A. VESPUCIO NORORIENTE,8907.8742059,Urban Park,0.08503621816635132,0.034881748259067535,0.11991796642541885,0.7085290702637778,0.29063772115105474,High Woody Cover,Good condition,PLAZA,LA FLORIDA,18.902454376220703,31.559690475463867,28.965696334838867,0.89,7,4,9,NA,6.5,P5 — Intermediate
252,PARQUE CARLOS MARTINEZ,6139.97249317,Urban Park,0.07658243924379349,0.02990042231976986,0.10648286156356335,0.7185248934053214,0.28053686944723283,High Woody Cover,Good condition,PLAZA,CERRILLOS,19.215843200683594,31.898591995239258,28.760122299194336,0.61,7,6,6,NA,6,P5 — Intermediate
294,PARQUE SAN LUIS,7329.82717089,Urban Park,0.0684565007686615,0.027295568957924843,0.09575206972658634,0.7141890724314096,0.284767653278476,High Woody Cover,Poor condition,PLAZA,PENALOLEN,18.194726943969727,31.831436157226562,29.15976905822754,0.73,7,5,7,NA,6,P5 — Intermediate
330,PARQUE EL POETA,6173.21109268,Urban Park,0.06833580881357193,0.028063559904694557,0.09639936871826649,0.7081477290600819,0.2908159947307756,High Woody Cover,Good condition,PLAZA,EL BOSQUE,18.822813034057617,31.103233337402344,29.0216007232666,0.62,7,4,8,NA,6,P5 — Intermediate
117,PARQUE RICARDO CONTRERAS SECCION B,7503.55275981,Urban Park,0.07084549218416214,0.026014570146799088,0.09686006233096123,0.730666735158851,0.2683019123688427,High Woody Cover,Poor condition,PLAZA,LA REINA,18.283788681030273,32.117000579833984,29.956029891967773,0.75,7,7,4,NA,5.5,P5 — Intermediate
151,PARQUE DE LA MUJER A,8803.64241768,Urban Park,0.07846560329198837,0.029509998857975006,0.10797560214996338,0.7260251317694366,0.27304959001780593,High Woody Cover,Good condition,PARQUE,RECOLETA,18.733850479125977,32.29999923706055,29.700000762939453,0.88,7,7,4,NA,5.5,P5 — Intermediate
182,PARQUE  POZO ALMONTE,5451.66174836,Urban Park,0.06888303905725479,0.026590948924422264,0.09547398798167706,0.7207299863898186,0.2782237038128004,High Woody Cover,Good condition,PLAZA,LA FLORIDA,18.746246337890625,31.10102081298828,29.374406814575195,0.55,7,6,5,NA,5.5,P5 — Intermediate
324,PARQUE PINTOR MURILLO,7879.25079793,Urban Park,0.06660743057727814,0.026793455705046654,0.09340088628232479,0.7123721841112587,0.2865583073099878,High Woody Cover,Poor condition,PLAZA,SAN JOAQUIN,19.13751983642578,32.199737548828125,29.276945114135742,0.79,7,4,7,NA,5.5,P5 — Intermediate
368,PARQUE OSCAR CASTRO,6811.52235997,Urban Park,0.06865712255239487,0.03051496297121048,0.09917208552360535,0.6916055222398776,0.3073871452408895,High Woody Cover,Poor condition,PLAZA,RENCA,19.096946716308594,32.80741500854492,30.133859634399414,0.68,7,2,9,NA,5.5,P2 — Grass + Hot
466,Parque La Aguada,7983.48298587,Urban Park,0.08290112018585205,0.04071619734168053,0.12361731752753258,0.6700850118852835,0.32910669383547997,High Woody Cover,Poor condition,PLAZA,SAN JOAQUIN,19.578632354736328,31.787113189697266,29.308794021606445,0.8,7,1,10,NA,5.5,P2 — Grass + Hot
36,PARQUE LAS TORRES,9840.18762164,Urban Park,0.13786976039409637,0.04020111262798309,0.17807087302207947,0.773806391895555,0.22563234913824132,High Woody Cover,NA,NA,NA,17.807907104492188,30.981401443481445,28.45098304748535,0.98,6,9,1,NA,5,P3 — Forest + Cool
112,PARQUE VESPUCIO,5117.74526244,Urban Park,0.07414932548999786,0.028749331831932068,0.10289865732192993,0.7199057484627072,0.2791233650946915,High Woody Cover,Good condition,PLAZA,PENALOLEN,17.91480827331543,31.870317459106445,29.87421989440918,0.51,7,6,4,NA,5,P5 — Intermediate
271,PARQUE ASUNCION,5811.14155637,Urban Park,0.06244058907032013,0.025500791147351265,0.0879413802176714,0.7092186528192029,0.2896455176452677,High Woody Cover,NA,NA,NA,18.405319213867188,31.687408447265625,28.901573181152344,0.58,7,4,6,NA,5,P5 — Intermediate
289,PARQUE UNO,5749.96385799,Urban Park,0.07430411875247955,0.030399905517697334,0.10470402427017689,0.7089815421679717,0.29006429599810657,High Woody Cover,Good condition,PLAZA,PENALOLEN,18.13289451599121,32.23194122314453,29.716249465942383,0.57,7,4,6,NA,5,P5 — Intermediate
308,PARQUE ALFREDO ARTEAGA,6708.90486009,Urban Park,0.07283521443605423,0.024582205340266228,0.09741741977632046,0.7468943969510189,0.25208014523611677,High Woody Cover,Good condition,BANDEJON,LO BARNECHEA,17.301002502441406,30.814250946044922,28.71214485168457,0.67,6,8,2,NA,5,P3 — Forest + Cool
46,PARQUE LAS ROSAS,9103.51751354,Urban Park,0.0801159143447876,0.030855095013976097,0.1109710093587637,0.7213035589332772,0.27779611612525223,High Woody Cover,Good condition,VEREDA,CONCHALI,18.78404998779297,32.42158126831055,30.395679473876953,0.91,7,6,3,NA,4.5,P5 — Intermediate
89,PARQUE REPUBLICA,5658.54013646,Urban Park,0.07078008353710175,0.027111884206533432,0.09789196774363518,0.7223049517923278,0.2766745564030621,High Woody Cover,Good condition,PLAZA,MAIPU,18.437793731689453,31.284120559692383,28.60000228881836,0.57,7,6,3,NA,4.5,P5 — Intermediate
127,PARQUE DEL OFICIO,9823.50892837,Urban Park,0.11109776049852371,0.03827354311943054,0.14937130361795425,0.7432715030203217,0.256059472239949,High Woody Cover,NA,NA,NA,16.891332626342773,30.178197860717773,28.20340347290039,0.98,6,8,1,NA,4.5,P3 — Forest + Cool
283,PARQUE ESPERANZA,5844.12703589,Urban Park,0.07384868711233139,0.03046160563826561,0.104310292750597,0.7072931716486269,0.29174906837038284,High Woody Cover,Good condition,VEREDA,MAIPU,18.556041717529297,30.928991317749023,28.722993850708008,0.58,7,3,6,NA,4.5,P5 — Intermediate
303,PARQUE AZIMUT,7921.20300834,Urban Park,0.0688970685005188,0.029679717496037483,0.09857678599655628,0.6982094907603014,0.3007770996622577,High Woody Cover,Poor condition,PLAZA,PUDAHUEL,18.688337326049805,31.896284103393555,29.302248001098633,0.79,7,2,7,NA,4.5,P5 — Intermediate
327,PARQUE MAHUIDACHE,5100.82061029,Urban Park,0.0879812091588974,0.06082794815301895,0.14880915731191635,0.5908381374733411,0.4084903121545719,Mixed/Balanced,NA,NA,NA,18.320167541503906,31.745155334472656,28.7135009765625,0.51,7,1,8,NA,4.5,P2 — Grass + Hot
69,PARQUE ALEJANDRO SERANI,5119.83421882,Urban Park,0.0707489624619484,0.02786378562450409,0.09861274808645248,0.7167155593721953,0.28227140024610625,High Woody Cover,Good condition,PLAZA,VITACURA,17.814268112182617,31.597936630249023,29.86629295349121,0.51,7,5,3,NA,4,P5 — Intermediate
92,PARQUE SANTA ELENA,9194.48150323,Urban Park,0.07297170907258987,0.029781239107251167,0.10275294817984104,0.7094761050990678,0.2895516330283299,High Woody Cover,NA,NA,NA,18.766273498535156,31.184072494506836,28.67862892150879,0.92,7,4,4,NA,4,P5 — Intermediate
155,PARQUE GABRIEL PALMA,5917.57256826,Urban Park,0.06905888766050339,0.028906812891364098,0.09796570055186749,0.7042104147716537,0.2947698607024698,High Woody Cover,NA,NA,NA,18.938936233520508,32.5313720703125,29.806785583496094,0.59,7,3,5,NA,4,P5 — Intermediate
220,PARQUE ISABEL RIQUELME,5452.58745084,Urban Park,0.0601450614631176,0.025162411853671074,0.08530747331678867,0.7042130990110299,0.29461604326286583,High Woody Cover,NA,NA,NA,19.850255966186523,31.939619064331055,29.662612915039062,0.55,7,3,5,NA,4,P5 — Intermediate
276,PARQUE RAMIREZ,7858.81026025,Urban Park,0.07172853499650955,0.031108343973755836,0.10283687897026539,0.6968205730934317,0.30220795777907616,High Woody Cover,Good condition,PLAZA,MAIPU,18.170671463012695,31.63178253173828,28.41107177734375,0.79,7,2,6,NA,4,P5 — Intermediate
291,PARQUE JUAN PABLO II SECTOR NORTE,5450.78879104,Urban Park,0.06680861115455627,0.03123573400080204,0.09804434515535831,0.6807178859750003,0.31826320662038354,High Woody Cover,Good condition,PLAZA,PENALOLEN,19.40958023071289,32.45380783081055,29.734811782836914,0.55,7,1,7,NA,4,P5 — Intermediate
305,PARQUE ESTERO EL GUINDO,5823.26312706,Urban Park,0.09046196192502975,0.034576065838336945,0.1250380277633667,0.7228974560482236,0.2763034263550928,High Woody Cover,Good condition,PLAZA,LO BARNECHEA,17.07742691040039,30.466218948364258,28.399999618530273,0.58,6,6,2,NA,4,P5 — Intermediate
133,PARQUE BICENTENARIO,5354.95036984,Urban Park,0.08061636984348297,0.03155618906021118,0.11217255890369415,0.7180416179222794,0.28106769248289465,High Woody Cover,NA,NA,NA,17.82662010192871,30.340471267700195,28.618896484375,0.54,6,6,1,NA,3.5,P5 — Intermediate
179,PARQUE MÓNACO,6546.53234652,Urban Park,0.06895066797733307,0.02961585856974125,0.09856652654707432,0.6988253300316226,0.3001611550155398,High Woody Cover,Good condition,PLAZA,LA FLORIDA,18.334081649780273,31.496706008911133,28.62369155883789,0.65,7,2,5,NA,3.5,P5 — Intermediate
181,PARQUE IGNACIO CARRERA PINTO,7807.29645544,Urban Park,0.07770273089408875,0.03342626988887787,0.11112900078296661,0.6985833761619836,0.3005175777322698,High Woody Cover,Good condition,PARQUE,LA FLORIDA,18.88062858581543,31.323823928833008,28.846267700195312,0.78,7,2,5,NA,3.5,P5 — Intermediate
29,PARQUE VECINAL DEL FERROCARRIL,7037.04909169,Urban Park,0.07247614115476608,0.029872315004467964,0.10234845615923405,0.7074400520210625,0.2915838473743117,High Woody Cover,Poor condition,VEREDA,PAC,19.878345489501953,32.0618896484375,29.10284423828125,0.7,7,3,3,NA,3,P4 — Grass + Cool
42,PARQUE ARMANDO PESANTES,7288.09888744,Urban Park,0.06762991845607758,0.028080234304070473,0.09571015276014805,0.705874236787649,0.2930820324894666,High Woody Cover,Good condition,VEREDA,MACUL,18.686677932739258,31.816408157348633,29.468801498413086,0.73,7,3,3,NA,3,P4 — Grass + Cool
288,PARQUE LAS AMERICAS,8005.04461006,Urban Park,0.06797076761722565,0.02774891071021557,0.09571967832744122,0.7093612586023461,0.2895951144334903,High Woody Cover,Good condition,PLAZA,LA PINTANA,18.07585906982422,31.030176162719727,28.139217376708984,0.8,6,4,2,NA,3,P5 — Intermediate
91,PARQUE BAGDAD PONIENTE,5247.91667738,Urban Park,0.0678785890340805,0.0273068118840456,0.0951854009181261,0.7123713431442149,0.28657917814197953,High Woody Cover,NA,NA,NA,18.399999618530273,31.399999618530273,28.034547805786133,0.52,6,4,1,NA,2.5,P5 — Intermediate
64,PARQUE DIDACTICO,8421.46887391,Urban Park,0.08303004503250122,0.03430040180683136,0.11733044683933258,0.707057217844894,0.29209121424668427,High Woody Cover,Poor condition,PLAZA,CERRILLOS,17.72072410583496,30.888113021850586,28.111379623413086,0.84,6,3,1,NA,2,P4 — Grass + Cool
326,PARQUE 4 DE SEPTIEMB,9075.66792451,Urban Park,0.06655070930719376,0.028353692963719368,0.09490440227091312,0.700501321164242,0.2984460960331754,High Woody Cover,Poor condition,PLAZA,EL BOSQUE,18.389368057250977,31.11814308166504,28.188335418701172,0.91,6,2,2,NA,2,P4 — Grass + Cool
511,Parque Brasilia,9138.01298146,Urban Park,0.10921410471200943,0.04747625067830086,0.1566903553903103,0.6965613697356217,0.3028008359322522,High Woody Cover,NA,NA,NA,17.645374298095703,31.05864906311035,29.102550506591797,0.91,6,2,2,NA,2,P4 — Grass + Cool
5,CENTRO DEPORTIVO RECREATIVO PARQUE PADRE ALBERTO HURTADO,45670.70204191,Urban Park,0.17447148263454437,0.11158709973096848,0.28605858236551285,0.6097020791488631,0.3899484642694983,High Woody Cover,NA,NA,NA,16.83295249938965,30.793624877929688,28.91305923461914,4.57,NA,1,NA,NA,NA,P5 — Intermediate
6,PARQUE LA PERGOLA,83667.95672142,Urban Park,0.1357651799917221,0.04591154679656029,0.1816767267882824,0.7468787803064003,0.2525710942635359,High Woody Cover,Poor condition,PARQUE,ESTACION CENTRA,17.620807647705078,32.17408752441406,29.081247329711914,8.37,NA,8,NA,NA,NA,P5 — Intermediate
7,PARQUE BERNARDO LEIGHTON,86066.93058628,Urban Park,0.11493702977895737,0.05432388186454773,0.1692609116435051,0.6786514589676581,0.320758086015127,High Woody Cover,Good condition,PARQUE,ESTACION CENTRA,18.712020874023438,31.372840881347656,29.119516372680664,8.61,NA,1,NA,NA,NA,P5 — Intermediate
8,PARQUE MONTEGRANDE,25225.99658343,Urban Park,0.08515524119138718,0.03356429189443588,0.11871953308582306,0.7166771235322037,0.28248126400389467,High Woody Cover,Good condition,PLAZA,LAS CONDES,18.155778884887695,31.273006439208984,29.2109432220459,2.52,NA,5,NA,NA,NA,P5 — Intermediate
9,PARQUE MAPUHUE,52735.25515493,Urban Park,0.15752410888671875,0.061701882630586624,0.21922599151730537,0.7182190664998759,0.281324991186547,High Woody Cover,Good condition,PARQUE,LA PINTANA,17.748960494995117,31.22043228149414,28.290451049804688,5.27,NA,6,NA,NA,NA,P5 — Intermediate
10,PARQUE ARAUCANO,228423.12644204,Urban Park,0.13990502059459686,0.04312006011605263,0.1830250807106495,0.7639861238650136,0.23546780129033967,High Woody Cover,Good condition,PARQUE,LAS CONDES,18.444747924804688,31.26415252685547,29.080278396606445,22.84,NA,8,NA,NA,NA,P5 — Intermediate
11,PARQUE ANDRE JARLAN,111975.38486333,Urban Park,0.16755282878875732,0.04937268793582916,0.2169255167245865,0.772042068220891,0.22749715646794177,High Woody Cover,Good condition,PARQUE,PAC,17.753101348876953,31.464130401611328,28.44976234436035,11.2,NA,9,NA,NA,NA,P5 — Intermediate
12,PARQUE VIOLETA PARRA,26678.54422629,Urban Park,0.10110309720039368,0.036766570061445236,0.1378696672618389,0.7327922086564156,0.2664829943502699,High Woody Cover,Good condition,PARQUE,LO ESPEJO,18.919633865356445,31.47638702392578,28.77468490600586,2.67,NA,7,NA,NA,NA,P5 — Intermediate
13,PARQUE JUAN PABLO II (EX ARAUCANO ORIENTE),75127.77794976,Urban Park,0.18665531277656555,0.05728626251220703,0.24394157528877258,0.7648504667931999,0.2347397669615131,High Woody Cover,Good condition,PARQUE,LAS CONDES,18.12278175354004,30.588220596313477,28.795698165893555,7.51,NA,9,NA,NA,NA,P5 — Intermediate
14,PARQUE GANDARILLAS,68002.30405362,Urban Park,0.17052334547042847,0.03994626924395561,0.21046961471438408,0.8098193355281852,0.1897057621449258,High Woody Cover,Good condition,PARQUE,LAS CONDES,17.334943771362305,30.758365631103516,29.289731979370117,6.8,NA,9,NA,NA,NA,P5 — Intermediate
15,PARQUE PABLO DE ROKHA,24550.63800976,Urban Park,0.07085117697715759,0.027818772941827774,0.09866994991898537,0.7173353538730378,0.28165219243956,High Woody Cover,NA,NA,NA,18.068254470825195,31.088369369506836,28.018117904663086,2.46,NA,5,NA,NA,NA,P5 — Intermediate
18,PARQUE INES DE SUAREZ,44387.83114595,Urban Park,0.10759326070547104,0.04032621160149574,0.14791947230696678,0.7268858551416886,0.2724385580693475,High Woody Cover,Good condition,PARQUE,PROVIDENCIA,18.787416458129883,31.627365112304688,29.360639572143555,4.44,NA,7,NA,NA,NA,P5 — Intermediate
20,PARQUE LA HONDONADA,282343.45165534,Urban Park,0.09146931767463684,0.04184393957257271,0.13331325724720955,0.6856089084546356,0.31364154084805473,High Woody Cover,NA,NA,NA,18.35329246520996,32.087860107421875,30.002756118774414,28.23,NA,2,NA,NA,NA,P5 — Intermediate
21,PARQUE BALMACEDA,60951.99127872,Urban Park,0.11122466623783112,0.04062127321958542,0.15184593945741653,0.7320015699991923,0.26734030119291013,High Woody Cover,Good condition,PARQUE,PROVIDENCIA,20.11966896057129,31.875747680664062,29.40140724182129,6.1,NA,7,NA,NA,NA,P5 — Intermediate
22,PARQUE MONSPARQUE ESCRIBA DE BALAGUER,43125.80409005,Urban Park,0.15264400839805603,0.04846376180648804,0.20110777020454407,0.7586387356854111,0.2408642656156901,High Woody Cover,NA,NA,NA,18.016267776489258,31.52079200744629,29.69695472717285,4.31,NA,8,NA,NA,NA,P5 — Intermediate
26,PARQUE METROPOLITANO CERROS DE CHENA,73746.11020533,Urban Park,0.16512738168239594,0.03976333513855934,0.20489071682095528,0.8055359005677457,0.1939762724635466,High Woody Cover,NA,NA,NA,NA,NA,NA,7.37,NA,9,NA,NA,NA,P5 — Intermediate
28,PARQUE SANTA MARIA/SIN NOMBRE I,17277.69030113,Urban Park,0.10836406797170639,0.037924982607364655,0.14628905057907104,0.7402470850316383,0.259069803768416,High Woody Cover,Good condition,PLAZA,PROVIDENCIA,18.886608123779297,31.572551727294922,29.11515998840332,1.73,NA,8,NA,NA,NA,P5 — Intermediate
31,PARQUE AUGUSTO ERRAZURIZ,10217.37242069,Urban Park,0.08624159544706345,0.036134667694568634,0.12237626314163208,0.704149467291742,0.29503404796717503,High Woody Cover,Good condition,PLAZA,PROVIDENCIA,19.727989196777344,32.85172653198242,29.932796478271484,1.02,NA,3,NA,NA,NA,P5 — Intermediate
33,PARQUE LEIVA OPAZO,27249.91672197,Urban Park,NA,NA,NA,NA,NA,Mixed/Balanced,NA,NA,NA,NA,NA,NA,2.72,NA,NA,NA,NA,NA,P5 — Intermediate
34,PARQUE TEGUALDA,60777.85104587,Urban Park,NA,NA,NA,NA,NA,Mixed/Balanced,NA,NA,NA,NA,NA,NA,6.08,NA,NA,NA,NA,NA,P5 — Intermediate
35,"PARQUE METROPOLITANO SUR, CERROS DE CHENA",296402.50805149,Urban Park,0.3679787814617157,0.0820276066660881,0.4500063881278038,0.817537344875966,0.18224048542674112,High Woody Cover,NA,NA,NA,18.445602416992188,31.446359634399414,28.346359252929688,29.64,NA,9,NA,NA,NA,P5 — Intermediate
37,PARQUE METROPOLITANO DE SANTIAGO,573707.21522856,Urban Park,0.5100200772285461,0.05193537473678589,0.561955451965332,0.9074195000602975,0.09240258155166743,High Woody Cover,Good condition,PARQUE,HUECHURABA,19.720272064208984,31.66522789001465,30.258211135864258,57.37,NA,10,NA,NA,NA,P5 — Intermediate
38,PARQUE METROPOLITANO DE SANTIAGO,1573622.46812685,Urban Park,0.4890455901622772,0.042088404297828674,0.5311339944601059,0.9205841404394596,0.07922761859508483,High Woody Cover,Good condition,PARQUE,PROVIDENCIA,20.05418586730957,31.647064208984375,29.631044387817383,157.36,NA,10,NA,NA,NA,P5 — Intermediate
39,PARQUE METROPOLITANO DE SANTIAGO,797447.76119111,Urban Park,0.5569935441017151,0.04624291509389877,0.6032364591956139,0.9231889364755372,0.07664531852683196,High Woody Cover,Good condition,PARQUE,VITACURA,19.934885025024414,31.6528377532959,30.11005210876465,79.74,NA,10,NA,NA,NA,P5 — Intermediate
40,PARQUE MACUL ORIENTE,27701.86523277,Urban Park,0.07103490829467773,0.029509376734495163,0.1005442850291729,0.7058017082051649,0.2932046934005397,High Woody Cover,Good condition,PLAZA,MACUL,18.74728012084961,32.356895446777344,29.499130249023438,2.77,NA,3,NA,NA,NA,P5 — Intermediate
41,PARQUE CERRO NAVIA,25417.58019423,Urban Park,0.07616309821605682,0.03117804042994976,0.10734113864600658,0.7088820834912818,0.2901871743250424,High Woody Cover,Good condition,PARQUE,CERRO NAVIA,18.715917587280273,31.810699462890625,29.602148056030273,2.54,NA,4,NA,NA,NA,P5 — Intermediate
43,PARQUE DEL RIO MAPOCHO/ SECTOR BORDE RIO,25208.20516722,Urban Park,0.13002416491508484,0.04061207175254822,0.17063623666763306,0.7615499055903339,0.23786439566198522,High Woody Cover,Good condition,PLAZA,VITACURA,17.818199157714844,31.598506927490234,29.025745391845703,2.52,NA,8,NA,NA,NA,P5 — Intermediate
45,PARQUE BATALLON DE CHACABUCO,13837.57265235,Urban Park,0.08935493975877762,0.030804593116044998,0.12015953287482262,0.7430175190501247,0.25615094603859223,High Woody Cover,NA,NA,NA,18.517269134521484,30.99376678466797,28.395950317382812,1.38,NA,8,NA,NA,NA,P5 — Intermediate
55,PARQUE LA BANDERA,14583.88627833,Urban Park,0.07206138223409653,0.030318016186356544,0.10237939842045307,0.7031792081608702,0.29584498595481223,High Woody Cover,Good condition,PARQUE,SAN RAMON,18.977737426757812,31.610734939575195,28.947097778320312,1.46,NA,3,NA,NA,NA,P5 — Intermediate
57,PARQUE GERMAN PICA CANAS SECTOR NORTE,23875.85571129,Urban Park,0.06729935109615326,0.030069950968027115,0.09736930206418037,0.6904671488448622,0.30850688710407537,High Woody Cover,Good condition,PLAZA,NUNOA,19.792951583862305,31.906442642211914,29.673015594482422,2.39,NA,2,NA,NA,NA,P5 — Intermediate
59,PARQUE EL TRAPICHE,221911.58280108,Urban Park,NA,NA,NA,NA,NA,Mixed/Balanced,NA,NA,NA,17.482229232788086,31.01141357421875,28.591529846191406,22.19,NA,NA,NA,NA,NA,P5 — Intermediate
61,PARQUE RAMON CRUZ,24676.14488094,Urban Park,0.07518582791090012,0.0312358345836401,0.10642166249454021,0.7058266473709399,0.29323457644346373,High Woody Cover,Good condition,PLAZA,NUNOA,18.75547218322754,32.2335319519043,29.75135040283203,2.47,NA,3,NA,NA,NA,P5 — Intermediate
62,PARQUE PORTAL BICENTENARIO,560800.42458125,Urban Park,0.146789088845253,0.06284632533788681,0.2096354141831398,0.6998774594979824,0.29964574930111587,High Woody Cover,Poor condition,PARQUE,CERRILLOS,18.41761016845703,30.982524871826172,28.244110107421875,56.08,NA,2,NA,NA,NA,P5 — Intermediate
63,PARQUE MUNICIPAL LO ERRAZURIZ,25776.45700302,Urban Park,0.15366405248641968,0.042139794677495956,0.19580384716391563,0.7843850680372128,0.2151044774645848,High Woody Cover,Good condition,PARQUE,CERRILLOS,18.990707397460938,31.177364349365234,28.405010223388672,2.58,NA,9,NA,NA,NA,P5 — Intermediate
67,PARQUE BICENTENARIO 2 ETAPA,142821.09027078,Urban Park,0.15823453664779663,0.08641525357961655,0.24464979022741318,0.6465155148887788,0.35307590457717014,High Woody Cover,Poor condition,PARQUE,VITACURA,19.38929557800293,31.00118637084961,29.552946090698242,14.28,NA,1,NA,NA,NA,P5 — Intermediate
70,PARQUE LAS AMERICAS,16447.36883432,Urban Park,0.08302462100982666,0.03604276850819588,0.11906738951802254,0.6967058802380685,0.30245496401299343,High Woody Cover,Poor condition,PLAZA,CONCHALI,18.514623641967773,32.367218017578125,30.120059967041016,1.64,NA,2,NA,NA,NA,P5 — Intermediate
71,PARQUE LAS INDUSTRIAS,16810.53453495,Urban Park,0.07292374223470688,0.030589770525693893,0.10351351276040077,0.7038053270458853,0.2952295478721068,High Woody Cover,Good condition,PLAZA,CONCHALI,18.50002098083496,32.38661575317383,30.126407623291016,1.68,NA,3,NA,NA,NA,P5 — Intermediate
73,PARQUE CUAUCTEMOC,24506.47696543,Urban Park,0.08800892531871796,0.03758784383535385,0.1255967691540718,0.7001685557314662,0.2990358788719609,High Woody Cover,Good condition,PARQUE,VITACURA,17.47934913635254,31.1744384765625,29.20389747619629,2.45,NA,2,NA,NA,NA,P5 — Intermediate
77,PARQUE SAN MIGUEL,64459.35981828,Urban Park,NA,NA,NA,NA,NA,Mixed/Balanced,NA,NA,NA,NA,NA,NA,6.45,NA,NA,NA,NA,NA,P5 — Intermediate
78,PARQUE DEL RÍO,17350.7918556,Urban Park,NA,NA,NA,NA,NA,Mixed/Balanced,NA,NA,NA,NA,NA,NA,1.74,NA,NA,NA,NA,NA,P5 — Intermediate
81,PARQUE PRIMO DE RIVERA,46353.16104082,Urban Park,0.23790840804576874,0.040172819048166275,0.278081227093935,0.8552281206432125,0.14441240146877668,High Woody Cover,Good condition,PLAZA,MAIPU,17.731542587280273,31.219675064086914,28.60899543762207,4.64,NA,10,NA,NA,NA,P5 — Intermediate
82,PARQUE ISABEL RIQUELME,16890.25649742,Urban Park,0.08656158298254013,0.03351802006363869,0.12007960304617882,0.7202685047085651,0.2788994073375283,High Woody Cover,Poor condition,PARQUE,MAIPU,18.08464241027832,31.622974395751953,28.868167877197266,1.69,NA,6,NA,NA,NA,P5 — Intermediate
83,PARQUE ISABEL RIQUELME PONIENTE,25839.18041975,Urban Park,0.12209460884332657,0.03829251229763031,0.16038712114095688,0.7607751199929002,0.23860177704850066,High Woody Cover,Good condition,PLAZA,MAIPU,17.762374877929688,31.626951217651367,28.65363311767578,2.58,NA,8,NA,NA,NA,P5 — Intermediate
84,PARQUE EL CONQUISTADOR,11371.0730496,Urban Park,0.07355291396379471,0.036469291895627975,0.11002220585942268,0.6679208193276588,0.33117109860824184,High Woody Cover,NA,NA,NA,18.277572631835938,31.174983978271484,28.722190856933594,1.14,NA,1,NA,NA,NA,P5 — Intermediate
86,PARQUE VALLE DE LOS REYES,15079.63089324,Urban Park,0.08626292645931244,0.03501236066222191,0.12127528712153435,0.7107124399461685,0.28846366910888266,High Woody Cover,Good condition,PLAZA,MAIPU,18.428611755371094,31.02482795715332,28.459306716918945,1.51,NA,4,NA,NA,NA,P5 — Intermediate
87,PARQUE RAPA NUI - PLAZA FUNCIONARIOS,10310.39186231,Urban Park,0.07155958563089371,0.029365690425038338,0.10092527605593204,0.7083334827145156,0.2906766659937677,High Woody Cover,Good condition,PLAZA,MAIPU,18.24953269958496,31.73320960998535,28.417076110839844,1.03,NA,4,NA,NA,NA,P5 — Intermediate
88,PARQUE ALCALDIA,13423.32213061,Urban Park,0.10145113617181778,0.030658740550279617,0.1321098767220974,0.7673491473338722,0.23189447952306694,High Woody Cover,Good condition,PLAZA,MAIPU,18.454851150512695,31.93454933166504,28.489439010620117,1.34,NA,9,NA,NA,NA,P5 — Intermediate
90,PARQUE DE LA VICTORIA,12138.57315222,Urban Park,0.06951198726892471,0.029837602749466896,0.09934959001839161,0.6989670571398996,0.30002740829749935,High Woody Cover,Poor condition,PLAZA,MAIPU,18.078989028930664,31.364503860473633,28.600000381469727,1.21,NA,2,NA,NA,NA,P5 — Intermediate
97,PARQUE CEREMONIAL MAPUCHE,19641.09378948,Urban Park,0.09442737698554993,0.03788357973098755,0.13231095671653748,0.7131386958233225,0.28610607966595925,High Woody Cover,Good condition,PARQUE,CERRO NAVIA,18.88895034790039,32.431583404541016,30.023311614990234,1.96,NA,5,NA,NA,NA,P5 — Intermediate
103,PARQUE LAS MAGDALENAS,11004.4125164,Urban Park,0.07753942906856537,0.03592827543616295,0.11346770450472832,0.6827594993375697,0.31635996864466953,High Woody Cover,NA,NA,NA,17.322093963623047,30.43004035949707,27.86430549621582,1.1,NA,1,NA,NA,NA,P5 — Intermediate
104,PARQUE EL ROBLE,10549.28151056,Urban Park,0.07956503331661224,0.036681968718767166,0.11624700203537941,0.6838597636784632,0.31528073845523513,High Woody Cover,NA,NA,NA,18.578672409057617,30.696142196655273,28.410131454467773,1.05,NA,1,NA,NA,NA,P5 — Intermediate
105,PARQUE ANIBAL PINTO,12918.65807669,Urban Park,0.07226063311100006,0.027424493804574013,0.09968512691557407,0.7241623611115726,0.27483548553059667,High Woody Cover,NA,NA,NA,18.1597957611084,31.34672737121582,28.38776969909668,1.29,NA,6,NA,NA,NA,P5 — Intermediate
114,PARQUE PEÑALOLÉN,124957.10370827,Urban Park,0.09090665727853775,0.04434087127447128,0.13524752855300903,0.6716536182848293,0.32760754295639116,High Woody Cover,NA,NA,NA,17.736595153808594,31.536727905273438,29.931943893432617,12.5,NA,1,NA,NA,NA,P5 — Intermediate
115,PARQUE  ARRIETA,44431.42791335,Urban Park,0.14690478146076202,0.02787785790860653,0.17478263936936855,0.8400192379901434,0.15940894996287125,High Woody Cover,NA,NA,NA,17.82350730895996,31.898731231689453,29.231985092163086,4.44,NA,10,NA,NA,NA,P5 — Intermediate
119,PARQUE VIOLETA PARRA,27575.35043999,Urban Park,0.07683643698692322,0.032940011471509933,0.10977644845843315,0.6992985126925617,0.29979137416305657,High Woody Cover,Good condition,PARQUE,PUDAHUEL,18.259876251220703,32.234779357910156,30.05087661743164,2.76,NA,2,NA,NA,NA,P5 — Intermediate
124,PARQUE LOS LITRES,11822.28378135,Urban Park,0.09327597916126251,0.033857014030218124,0.12713299319148064,0.7331115681675888,0.26610247217295796,High Woody Cover,NA,NA,NA,17.96961784362793,31.30499839782715,28.494264602661133,1.18,NA,7,NA,NA,NA,P5 — Intermediate
125,PARQUE LOS MONJES,14732.58005425,Urban Park,0.23767851293087006,0.03936941176652908,0.27704792469739914,0.8575872007354076,0.1420519811198808,High Woody Cover,Good condition,PLAZA,LO BARNECHEA,16.90283966064453,31.13894271850586,28.060840606689453,1.47,NA,10,NA,NA,NA,P5 — Intermediate
126,PARQUE NOCEDAL,14074.30754179,Urban Park,0.19607427716255188,0.039238668978214264,0.23531294614076614,0.8328950483687863,0.1666801661568406,High Woody Cover,Good condition,PLAZA,LO BARNECHEA,16.445035934448242,30.827421188354492,27.908140182495117,1.41,NA,10,NA,NA,NA,P5 — Intermediate
128,PARQUE LOS PEUMOS I,10624.40727348,Urban Park,0.10172266513109207,0.041293688118457794,0.14301635324954987,0.7107689849651198,0.28853228286535926,High Woody Cover,Good condition,PLAZA,LO BARNECHEA,16.73981285095215,30.58477210998535,28.044578552246094,1.06,NA,4,NA,NA,NA,P5 — Intermediate
129,PARQUE EL TRANQUE,11797.40548844,Urban Park,0.0865517407655716,0.04104187712073326,0.12759361788630486,0.6778078826354115,0.3214089928697604,High Woody Cover,NA,NA,NA,16.307302474975586,30.199642181396484,28.172277450561523,1.18,NA,1,NA,NA,NA,P5 — Intermediate
130,PARQUE FRANCISCO BULNES,12810.06878995,Urban Park,0.1789974868297577,0.035538073629140854,0.21453556045889854,0.8339600690913223,0.16557402488739134,High Woody Cover,Good condition,PLAZA,LO BARNECHEA,15.321632385253906,30.574289321899414,28.090744018554688,1.28,NA,10,NA,NA,NA,P5 — Intermediate
132,PARQUE QUEBRADA EL PEUMO,40898.17679965,Urban Park,0.46409574151039124,0.03762739524245262,0.5017231367528439,0.924819338768284,0.07498138783701544,High Woody Cover,NA,NA,NA,16.59366798400879,30.41742515563965,27.58169937133789,4.09,NA,10,NA,NA,NA,P5 — Intermediate
134,PARQUE LA ERMITA,41968.66715016,Urban Park,0.11457058787345886,0.03948434069752693,0.1540549285709858,0.7432171578004463,0.2561341441596858,High Woody Cover,Good condition,PLAZA,LO BARNECHEA,17.371734619140625,30.627872467041016,28.407272338867188,4.2,NA,8,NA,NA,NA,P5 — Intermediate
135,PARQUE LAS LOMAS,22549.74644938,Urban Park,0.08449779450893402,0.03766733780503273,0.12216513231396675,0.6911029572351884,0.3080791480951914,High Woody Cover,NA,NA,NA,17.198482513427734,30.83763885498047,28.34027862548828,2.25,NA,2,NA,NA,NA,P5 — Intermediate
136,PARQUE LAS ROSAS,30614.27491679,Urban Park,0.12228286266326904,0.0369432233273983,0.15922608599066734,0.7675005753322269,0.23187178105638195,High Woody Cover,Good condition,PARQUE,LO BARNECHEA,16.69799041748047,30.751220703125,28.062192916870117,3.06,NA,9,NA,NA,NA,P5 — Intermediate
137,PARQUE DE LA CHILENIDAD,495570.00816664,Urban Park,0.29239726066589355,0.03737417981028557,0.3297714404761791,0.8863976227945333,0.11329922880360556,High Woody Cover,NA,NA,NA,16.47418975830078,30.561059951782227,27.894948959350586,49.56,NA,10,NA,NA,NA,P5 — Intermediate
139,PARQUE ESTERO EL ARRAYAN,15965.28330895,Urban Park,0.2500040829181671,0.03771931678056717,0.2877233996987343,0.8686023554021224,0.13105020932991587,High Woody Cover,NA,NA,NA,17.746337890625,31.26937484741211,28.201248168945312,1.6,NA,10,NA,NA,NA,P5 — Intermediate
140,PARQUE LOS NIÑOS,51310.28657893,Urban Park,0.09099974483251572,0.07718054205179214,0.16818028688430786,0.5407629527936195,0.4586428005370202,Mixed/Balanced,Good condition,PLAZA,LO PRADO,18.548086166381836,31.678630828857422,29.244585037231445,5.13,NA,1,NA,NA,NA,P5 — Intermediate
141,PARQUE EL MANIO,19988.61837666,Urban Park,0.06605652719736099,0.02594366855919361,0.0920001957565546,0.7172246123337894,0.28168961364392375,High Woody Cover,Good condition,PARQUE,QUILICURA,18.32630157470703,33.19779968261719,31.366220474243164,2,NA,5,NA,NA,NA,P5 — Intermediate
143,PARQUE FLUVIAL RENATO POBLETE,124971.05605966,Urban Park,0.13265466690063477,0.04936528578400612,0.18201995268464088,0.7283917272389135,0.2710591841053633,High Woody Cover,Good condition,PARQUE,QUINTA NORMAL,19.20274543762207,31.601261138916016,29.543596267700195,12.5,NA,7,NA,NA,NA,P5 — Intermediate
147,PARQUE SALVADOR ALLENDE,13072.65243215,Urban Park,0.07383615523576736,0.029545681551098824,0.10338183678686619,0.713518019474685,0.2855156273651371,High Woody Cover,Good condition,PARQUE,RECOLETA,18.341028213500977,32.31547927856445,30.059886932373047,1.31,NA,5,NA,NA,NA,P5 — Intermediate
149,PARQUE BICENTENARIO DE LA INFANCIA,33954.85365175,Urban Park,0.2051314413547516,0.04356382414698601,0.2486952655017376,0.8244989748541616,0.17509908823679668,High Woody Cover,NA,NA,NA,18.710481643676758,31.525964736938477,29.034475326538086,3.4,NA,10,NA,NA,NA,P5 — Intermediate
152,PARQUE SANTA MÓNICA,46614.90202485,Urban Park,0.21450366079807281,0.04925409331917763,0.26375775411725044,0.8129518934006914,0.18666911451573484,High Woody Cover,Good condition,PARQUE,RECOLETA,18.063169479370117,32.19890213012695,29.860639572143555,4.66,NA,9,NA,NA,NA,P5 — Intermediate
156,PARQUE ISABEL RIQUELME II,40459.00384762,Urban Park,0.08227217942476273,0.03222215175628662,0.11449433118104935,0.7179428386800359,0.2811845178046229,High Woody Cover,NA,NA,NA,19.50172233581543,32.2803840637207,29.667043685913086,4.05,NA,6,NA,NA,NA,P5 — Intermediate
157,PARQUE ISABEL RIQUELME I,32917.24252658,Urban Park,0.10088957846164703,0.03091675415635109,0.13180633261799812,0.764857732447343,0.23438415383654307,High Woody Cover,Good condition,PARQUE,SAN JOAQUIN,19.695035934448242,32.045440673828125,29.521535873413086,3.29,NA,9,NA,NA,NA,P5 — Intermediate
158,"PARQUE DE LOS REYES, SECTOR 3",62635.82833869,Urban Park,0.14152812957763672,0.0548764206469059,0.19640455022454262,0.7202282563732737,0.27926284955844277,High Woody Cover,Good condition,PARQUE,QUINTA NORMAL,19.07245445251465,31.484573364257812,29.29439926147461,6.26,NA,6,NA,NA,NA,P5 — Intermediate
159,"PARQUE DE LOS REYES, SECTOR 2",139697.60832396,Urban Park,0.184888556599617,0.05082353577017784,0.23571209236979485,0.7840503629036938,0.2155255706330683,High Woody Cover,Good condition,PARQUE,SANTIAGO,19.53583526611328,31.588279724121094,29.404645919799805,13.97,NA,9,NA,NA,NA,P5 — Intermediate
160,"PARQUE FORESTAL, SECTOR 4",11460.29553252,Urban Park,0.14882560074329376,0.041439760476350784,0.19026536121964455,0.7817892908131433,0.21768540353587423,High Woody Cover,Good condition,PARQUE,SANTIAGO,20.001888275146484,31.6010684967041,28.97780418395996,1.15,NA,9,NA,NA,NA,P5 — Intermediate
161,"PARQUE FORESTAL, SECTOR 3",26230.34328682,Urban Park,0.150472953915596,0.04209310933947563,0.19256606325507164,0.7810039369330138,0.21847703029956209,High Woody Cover,Good condition,PARQUE,SANTIAGO,19.545381546020508,31.711524963378906,28.886518478393555,2.62,NA,9,NA,NA,NA,P5 — Intermediate
162,"PARQUE FORESTAL, SECTOR 2",49908.99423396,Urban Park,0.2842826247215271,0.04357820749282837,0.32786083221435547,0.8668188295598657,0.13287625598030445,High Woody Cover,Good condition,PARQUE,SANTIAGO,19.310644149780273,31.686676025390625,28.8865966796875,4.99,NA,10,NA,NA,NA,P5 — Intermediate
163,"PARQUE FORESTAL, SECTOR 1",27067.35429095,Urban Park,0.29796940088272095,0.047098804265260696,0.34506820514798164,0.8632585401513866,0.13645174602645788,High Woody Cover,Good condition,PARQUE,SANTIAGO,19.60369110107422,31.701539993286133,29.06548500061035,2.71,NA,10,NA,NA,NA,P5 — Intermediate
164,PARQUE O'HIGGINS,527568.79449661,Urban Park,0.23518440127372742,0.04342992976307869,0.2786143310368061,0.8438188319877593,0.15582237770666868,High Woody Cover,Good condition,PARQUE,SANTIAGO,19.155214309692383,31.60301399230957,29.014196395874023,52.76,NA,10,NA,NA,NA,P5 — Intermediate
165,PARQUE CERRO SANTA LUCIA,65764.00329658,Urban Park,0.18411700427532196,0.03440386801958084,0.2185208722949028,0.8421748680380446,0.15736771909487518,High Woody Cover,Good condition,PARQUE,SANTIAGO,20.663738250732422,31.33731460571289,28.807178497314453,6.58,NA,10,NA,NA,NA,P5 — Intermediate
166,PARQUE SAN BORJA,23778.23283964,Urban Park,0.12869146466255188,0.0336080864071846,0.16229955106973648,0.7924373178057007,0.20694691694531134,High Woody Cover,Good condition,PARQUE,SANTIAGO,20.272504806518555,31.58793830871582,29.076026916503906,2.38,NA,9,NA,NA,NA,P5 — Intermediate
167,PARQUE EDUARDO FREI,21426.91798714,Urban Park,0.07837321609258652,0.0307180006057024,0.10909121669828892,0.7177611758750067,0.2813229995465722,High Woody Cover,Poor condition,BANDEJON,LA FLORIDA,18.52741813659668,31.48630714416504,28.855863571166992,2.14,NA,5,NA,NA,NA,P5 — Intermediate
168,PARQUE LAS TINAJAS,10010.33438407,Urban Park,0.2005343735218048,0.044127967208623886,0.2446623407304287,0.8193024013553835,0.18028903906105653,High Woody Cover,NA,NA,NA,17.30413055419922,31.226028442382812,27.848922729492188,1,NA,10,NA,NA,NA,P5 — Intermediate
170,PARQUE LA SUPERIORA,10376.43722702,Urban Park,0.145248144865036,0.034600187093019485,0.1798483319580555,0.8071658307946539,0.1922784541347375,High Woody Cover,NA,NA,NA,17.031362533569336,30.992345809936523,28.188732147216797,1.04,NA,9,NA,NA,NA,P5 — Intermediate
171,PARQUE MACALTO 1,12655.1952988,Urban Park,0.08673087507486343,0.03473924845457077,0.1214701235294342,0.713422612043858,0.2857548174339052,High Woody Cover,Good condition,PLAZA,LA FLORIDA,17.101234436035156,31.075801849365234,28.066165924072266,1.27,NA,5,NA,NA,NA,P5 — Intermediate
172,PARQUE MACALTO 2,15319.08378368,Urban Park,0.08315389603376389,0.03114829771220684,0.11430219374597073,0.7268557823148613,0.27227010857301753,High Woody Cover,NA,NA,NA,16.887588500976562,31.023881912231445,27.999998092651367,1.53,NA,7,NA,NA,NA,P5 — Intermediate
173,PARQUE DEL SANTUARIO,24533.05024922,Urban Park,0.11044633388519287,0.035958003252744675,0.14640433713793755,0.7538775714278333,0.24543985492312972,High Woody Cover,NA,NA,NA,16.855518341064453,31.099327087402344,28.002445220947266,2.45,NA,8,NA,NA,NA,P5 — Intermediate
175,PARQUE PARAÍSO,13356.59217141,Urban Park,0.07030244171619415,0.02905627340078354,0.09935871511697769,0.706850492020819,0.2921440656719645,High Woody Cover,Good condition,PARQUE,LA FLORIDA,17.22059440612793,31.506574630737305,28.424745559692383,1.34,NA,3,NA,NA,NA,P5 — Intermediate
176,PARQUE ZANJÓN DE LA AGUADA,16906.26666665,Urban Park,0.07853955775499344,0.032262157648801804,0.11080171540379524,0.7081906485308133,0.2909076521615078,High Woody Cover,Poor condition,PLAZA,LA FLORIDA,18.809864044189453,32.03780746459961,28.518747329711914,1.69,NA,4,NA,NA,NA,P5 — Intermediate
177,PARQUE QUEBRADA DE MACUL,12539.82473457,Urban Park,0.18772611021995544,0.03810897842049599,0.22583508864045143,0.8308851509058827,0.16867224409370893,High Woody Cover,NA,NA,NA,17.09410858154297,31.10780906677246,28.099658966064453,1.25,NA,10,NA,NA,NA,P5 — Intermediate
178,PARQUE NUEVA MARÍA ANGÉLICA,17312.43677078,Urban Park,0.12083005160093307,0.04044385626912117,0.16127390787005424,0.7487582918189665,0.2506220293164645,High Woody Cover,NA,NA,NA,17.096965789794922,30.901479721069336,28.32392692565918,1.73,NA,8,NA,NA,NA,P5 — Intermediate
180,PARQUE ÁRIDOS,10735.45766593,Urban Park,0.07700613886117935,0.02672658860683441,0.10373272746801376,0.7416364833997211,0.2574004291187254,High Woody Cover,Poor condition,PLAZA,LA FLORIDA,18.707305908203125,31.500703811645508,28.920249938964844,1.07,NA,8,NA,NA,NA,P5 — Intermediate
183,PARQUE REPUBLICA DEL BRASIL,490128.68990828,Urban Park,0.16963396966457367,0.052852682769298553,0.22248665243387222,0.7621030632776593,0.23744767348527532,High Woody Cover,Poor condition,PARQUE,LA GRANJA,18.413381576538086,31.41994285583496,29.471721649169922,49.01,NA,8,NA,NA,NA,P5 — Intermediate
184,PARQUE AV. ESTADIO,11565.48751188,Urban Park,0.0735207200050354,0.029081836342811584,0.10260255634784698,0.715860662280162,0.28316565212177647,High Woody Cover,Good condition,BANDEJON,LA GRANJA,19.2973575592041,31.405838012695312,29.396678924560547,1.16,NA,5,NA,NA,NA,P5 — Intermediate
186,PARQUE PIERRE DUBOIS,105501.60795796,Urban Park,0.07823836803436279,0.03775983676314354,0.11599820479750633,0.6738981724206925,0.3252404878180733,High Woody Cover,NA,NA,NA,18.820898056030273,31.687435150146484,28.689311981201172,10.55,NA,1,NA,NA,NA,P5 — Intermediate
187,PARQUE CENTRO CÍVICO,90641.10690159,Urban Park,0.09872778505086899,0.03074984811246395,0.12947763316333294,0.7619199598006422,0.2373083020717294,High Woody Cover,Good condition,PARQUE,PUDAHUEL,18.473915100097656,32.26992416381836,29.709260940551758,9.06,NA,8,NA,NA,NA,P5 — Intermediate
189,PARQUE PLATABANDA LATERAL HUASCAR,5239.18343259,Urban Park,NA,NA,NA,NA,NA,Mixed/Balanced,NA,NA,NA,NA,NA,NA,0.52,NA,NA,NA,NA,NA,P5 — Intermediate
191,PARQUE ROBERTO BRUCE,31806.39000378,Urban Park,NA,NA,NA,NA,NA,Mixed/Balanced,NA,NA,NA,NA,NA,NA,3.18,NA,NA,NA,NA,NA,P5 — Intermediate
195,PARQUE LAS PALMERAS,156317.08511071,Urban Park,0.12293467670679092,0.0753619596362114,0.19829663634300232,0.6196409322900649,0.37985502690640505,High Woody Cover,Poor condition,PARQUE,RENCA,18.190452575683594,31.767112731933594,29.407148361206055,15.63,NA,1,NA,NA,NA,P5 — Intermediate
196,PARQUE METROPOLITANO DE SANTIAGO,2436566.6781184,Urban Park,0.48862823843955994,0.04250218719244003,0.531130425632,0.9198046927719613,0.08000706499797253,High Woody Cover,Good condition,PARQUE,RECOLETA,19.819759368896484,31.90167236328125,29.952011108398438,243.66,NA,10,NA,NA,NA,P5 — Intermediate
197,PARQUE CERRO BLANCO,194447.61948667,Urban Park,0.27134600281715393,0.048423267900943756,0.3197692707180977,0.8483028151094029,0.15138455717310656,High Woody Cover,Poor condition,PARQUE,RECOLETA,19.140588760375977,31.6054744720459,29.157880783081055,19.44,NA,10,NA,NA,NA,P5 — Intermediate
198,PARQUE QUEBRADA DE MACUL,35567.28678732,Urban Park,0.11485286802053452,0.03378044068813324,0.14863330870866776,0.7722067707476559,0.2271208849007782,High Woody Cover,Good condition,PLAZA,LA FLORIDA,18.219968795776367,31.643756866455078,28.41360855102539,3.56,NA,9,NA,NA,NA,P5 — Intermediate
199,PARQUE LOS DOMINICOS,68614.86323505,Urban Park,0.11893072724342346,0.05069892853498459,0.16962965577840805,0.7007068193120857,0.2987040084566895,High Woody Cover,Good condition,PARQUE,LAS CONDES,17.855520248413086,31.119789123535156,29.15935707092285,6.86,NA,2,NA,NA,NA,P5 — Intermediate
200,PARQUE LA BANDERA,109280.95293652,Urban Park,0.08151211589574814,0.04504972696304321,0.12656184285879135,0.6435412122230192,0.35566928402634085,High Woody Cover,Good condition,PARQUE,SAN RAMON,19.060483932495117,31.711627960205078,29.12742805480957,10.93,NA,1,NA,NA,NA,P5 — Intermediate
203,PARQUE PABLO NERUDA,52802.06004318,Urban Park,0.0827811136841774,0.03568314388394356,0.11846425756812096,0.6981961965781771,0.3009603789189322,High Woody Cover,NA,NA,NA,18.904342651367188,31.803749084472656,29.137226104736328,5.28,NA,2,NA,NA,NA,P5 — Intermediate
204,PARQUE COSTANERA,56679.23748954,Urban Park,0.11191241443157196,0.037305086851119995,0.14921750128269196,0.7494929493877368,0.24983733675326505,High Woody Cover,NA,NA,NA,19.253520965576172,32.534934997558594,30.191743850708008,5.67,NA,8,NA,NA,NA,P5 — Intermediate
206,PARQUE BUSTAMANTE,63266.6036651,Urban Park,0.07885415107011795,0.030552735552191734,0.10940688662230968,0.720083946337427,0.2790028690850139,High Woody Cover,Good condition,PARQUE,PROVIDENCIA,20.104198455810547,31.78972816467285,29.24020004272461,6.33,NA,6,NA,NA,NA,P5 — Intermediate
209,PARQUE DE LA REFORMA,13700.52453105,Urban Park,0.06862299144268036,0.026810815557837486,0.09543380700051785,0.7183110732968946,0.2806421768337166,High Woody Cover,Good condition,BANDEJON,SAN RAMON,19.086383819580078,32.48164749145508,29.32319450378418,1.37,NA,6,NA,NA,NA,P5 — Intermediate
210,PARQUE LLANO SUBERCASEAUX,127262.45489977,Urban Park,0.07361067831516266,0.03706160560250282,0.11067228391766548,0.6645225295695428,0.3345747175353888,High Woody Cover,Good condition,PLAZA,SANTIAGO,19.954975128173828,31.995779037475586,28.826648712158203,12.73,NA,1,NA,NA,NA,P5 — Intermediate
211,PARQUE AV AMERICO VESPUCIO,78749.19673991,Urban Park,0.0742868110537529,0.03149030730128288,0.10577711835503578,0.7016323470822875,0.2974231617797437,High Woody Cover,Good condition,BANDEJON,LAS CONDES,19.55278778076172,31.80324363708496,29.453947067260742,7.87,NA,3,NA,NA,NA,P5 — Intermediate
217,PARQUE DE LAS ESCULTURAS,32748.39056194,Urban Park,0.11042559146881104,0.04433146119117737,0.1547570526599884,0.7130808030504544,0.2862734401158574,High Woody Cover,Good condition,PLAZA,PROVIDENCIA,17.75994110107422,31.539854049682617,28.939788818359375,3.27,NA,5,NA,NA,NA,P5 — Intermediate
218,PARQUE URUGUAY,63373.36960092,Urban Park,0.10940831154584885,0.040041353553533554,0.1494496650993824,0.7315851324250185,0.26774619339283906,High Woody Cover,Good condition,PLAZA,PROVIDENCIA,19.116867065429688,31.536819458007812,29.040632247924805,6.34,NA,7,NA,NA,NA,P5 — Intermediate
219,PARQUE CINCO DE ABRIL,13643.70258601,Urban Park,0.07262212783098221,0.029294658452272415,0.10191678628325462,0.7118644928624128,0.28715527629869025,High Woody Cover,Good condition,BANDEJON,MAIPU,18.52895164489746,31.7242431640625,28.450489044189453,1.36,NA,4,NA,NA,NA,P5 — Intermediate
222,PARQUE TOBALABA,41094.15515737,Urban Park,0.07663432508707047,0.029322024434804916,0.10595634952187538,0.7225812073728195,0.276475897643044,High Woody Cover,Poor condition,PLAZA,PROVIDENCIA,19.606966018676758,32.4327507019043,29.625328063964844,4.11,NA,6,NA,NA,NA,P5 — Intermediate
223,PARQUE TOBALABA,23564.05702106,Urban Park,0.07838768512010574,0.03024894930422306,0.1086366344243288,0.7208948992683484,0.2781854474746842,High Woody Cover,NA,NA,NA,19.532819747924805,32.385765075683594,29.595600128173828,2.36,NA,6,NA,NA,NA,P5 — Intermediate
224,PARQUE JAVIERA CARRERA,91167.84213666,Urban Park,0.07104679942131042,0.0312553234398365,0.10230212286114693,0.6938020173433999,0.30522144040136195,High Woody Cover,Good condition,PARQUE,CERRO NAVIA,18.84710693359375,32.01272964477539,29.927026748657227,9.12,NA,2,NA,NA,NA,P5 — Intermediate
225,PARQUE MARATHON,37063.99631765,Urban Park,0.07713272422552109,0.027896059677004814,0.1050287839025259,0.7336974838122126,0.26535130191242096,High Woody Cover,Good condition,BANDEJON,MACUL,19.446937561035156,32.197547912597656,29.502445220947266,3.71,NA,7,NA,NA,NA,P5 — Intermediate
226,PARQUE LAS AMERICAS,26850.43870173,Urban Park,0.06852874159812927,0.027881857007741928,0.0964105986058712,0.7100644135260844,0.28889943084495323,High Woody Cover,Good condition,BANDEJON,MACUL,19.360074996948242,32.21141052246094,29.54639434814453,2.69,NA,4,NA,NA,NA,P5 — Intermediate
227,PARQUE ANTONIO ACEVEDO,14323.55297076,Urban Park,0.06434599310159683,0.026787947863340378,0.09113394096493721,0.7052856910601518,0.29361822562981743,High Woody Cover,Good condition,VEREDA,MACUL,19.698156356811523,31.829181671142578,29.29136848449707,1.43,NA,3,NA,NA,NA,P5 — Intermediate
228,PARQUE QUILIN,11747.49900162,Urban Park,0.07167714834213257,0.027124308049678802,0.09880145639181137,0.7247329913745045,0.274255901169162,High Woody Cover,Good condition,BANDEJON,MACUL,18.912141799926758,32.136409759521484,29.871923446655273,1.17,NA,7,NA,NA,NA,P5 — Intermediate
230,PARQUE AV AMERICO VESPUCIO,44691.34946445,Urban Park,0.07290070503950119,0.02940097264945507,0.10230167768895626,0.7119092839566176,0.287114169542809,High Woody Cover,Good condition,AV PARQUE,VITACURA,18.717735290527344,31.086322784423828,28.998716354370117,4.47,NA,4,NA,NA,NA,P5 — Intermediate
235,PARQUE DERECHOS HUMANOS,17183.37676401,Urban Park,0.08691208064556122,0.03860222175717354,0.12551430240273476,0.6918963763131885,0.30730753599546423,High Woody Cover,Good condition,PLAZA,SAN BERNARDO,18.369672775268555,31.35380744934082,28.37116050720215,1.72,NA,2,NA,NA,NA,P5 — Intermediate
238,PARQUE MARIA VIDAL,13858.96599556,Urban Park,0.07182097434997559,0.027994580566883087,0.09981555491685867,0.7188167489009991,0.2801824059344696,High Woody Cover,Good condition,BANDEJON,SAN BERNARDO,18.27884292602539,30.312992095947266,27.125070571899414,1.39,NA,6,NA,NA,NA,P5 — Intermediate
239,PARQUE PORTALES DE NOS,11728.20489868,Urban Park,0.07653969526290894,0.030778871849179268,0.1073185671120882,0.7125369228118817,0.2865321394304431,High Woody Cover,NA,NA,NA,18.41837501525879,31.611066818237305,28.868453979492188,1.17,NA,5,NA,NA,NA,P5 — Intermediate
242,PARQUE STA. JULIA,80398.29440551,Urban Park,0.08873875439167023,0.03509710729122162,0.12383586168289185,0.7160054659459374,0.28318766509263266,High Woody Cover,Good condition,PLAZA,NUNOA,18.09121322631836,31.326322555541992,29.18852424621582,8.04,NA,5,NA,NA,NA,P5 — Intermediate
243,PARQUE JUAN XXIII,29845.47942794,Urban Park,0.08542036265134811,0.03468373417854309,0.1201040968298912,0.7106277148958753,0.28854036670336075,High Woody Cover,Good condition,PARQUE,NUNOA,18.37887191772461,31.752614974975586,29.674156188964844,2.98,NA,4,NA,NA,NA,P5 — Intermediate
244,PARQUE TOBALABA,15050.36761795,Urban Park,0.08883389830589294,0.03172674402594566,0.12056064233183861,0.7362292839580916,0.26294194538341153,High Woody Cover,Good condition,BANDEJON,NUNOA,19.35730743408203,32.52068328857422,29.63859748840332,1.51,NA,7,NA,NA,NA,P5 — Intermediate
247,PARQUE BUSTAMANTE,19072.14045041,Urban Park,0.07209969311952591,0.02765345759689808,0.09975315071642399,0.722057267119032,0.2769412622284897,High Woody Cover,Good condition,PLAZA,NUNOA,19.960147857666016,32.02692413330078,29.327322006225586,1.91,NA,6,NA,NA,NA,P5 — Intermediate
249,PARQUE SAN LUIS ORIONE,90094.09996831,Urban Park,0.16205234825611115,0.045947104692459106,0.20799945294857025,0.7787254889908856,0.2207939715430895,High Woody Cover,Good condition,CAMPO DEPORTIVO,CERRILLOS,18.253366470336914,31.012325286865234,28.5898380279541,9.01,NA,9,NA,NA,NA,P5 — Intermediate
250,PARQUE LAS TORRES,35896.81377045,Urban Park,0.07499054819345474,0.034488845616579056,0.1094793938100338,0.6843489965226301,0.3147384231415691,High Woody Cover,Good condition,PLAZA,CERRILLOS,18.189844131469727,30.712387084960938,28.305442810058594,3.59,NA,1,NA,NA,NA,P5 — Intermediate
251,PARQUE LAS TORRES SECTOR VILLA MEXICO,21258.66959523,Urban Park,0.07755585014820099,0.0321342796087265,0.10969012975692749,0.7064009334892639,0.29268823782129566,High Woody Cover,Good condition,PLAZA,CERRILLOS,18.571674346923828,31.132442474365234,28.3918514251709,2.13,NA,3,NA,NA,NA,P5 — Intermediate
253,PARQUE PATRICIO ACEVEDO,39819.87271606,Urban Park,0.07439259439706802,0.031998686492443085,0.10639128088951111,0.6985792055055968,0.3004817504791118,High Woody Cover,Good condition,PLAZA,CERRILLOS,18.57781410217285,31.054840087890625,28.395082473754883,3.98,NA,2,NA,NA,NA,P5 — Intermediate
255,PARQUE BICENTENARIO 1 ETAPA,142013.54792272,Urban Park,0.1837715208530426,0.06595054268836975,0.24972206354141235,0.7356096505166337,0.2639900645822554,High Woody Cover,Poor condition,PLAZA,VITACURA,18.180004119873047,31.014005661010742,29.325918197631836,14.2,NA,7,NA,NA,NA,P5 — Intermediate
256,PARQUE PEDRO FONTOVA,22158.76167683,Urban Park,0.06686705350875854,0.027238527312874794,0.09410558082163334,0.7097992807386122,0.28913921102453144,High Woody Cover,Good condition,PLAZA,CONCHALI,18.550233840942383,32.11946105957031,30.029050827026367,2.22,NA,4,NA,NA,NA,P5 — Intermediate
257,PARQUE AMERICO VESPUCIO (NORTE),28169.60782436,Urban Park,0.09266030788421631,0.036220647394657135,0.12888095527887344,0.718403020693038,0.2808216710470428,High Woody Cover,Good condition,PARQUE,CONCHALI,18.223854064941406,32.48468017578125,30.01575469970703,2.82,NA,6,NA,NA,NA,P5 — Intermediate
260,PARQUE BANDEJON PAJARITOS,76150.49409239,Urban Park,0.08751178532838821,0.03447624668478966,0.12198803201317787,0.7167924970642693,0.28238842183211194,High Woody Cover,Good condition,BANDEJON,MAIPU,18.891382217407227,31.573078155517578,28.80097198486328,7.62,NA,5,NA,NA,NA,P5 — Intermediate
261,PARQUE  PAJARITOS CENTRAL,19238.37981574,Urban Park,0.1034269705414772,0.04945173114538193,0.15287870168685913,0.6760873860283362,0.3232589282043164,High Woody Cover,Poor condition,BANDEJON,MAIPU,18.19982147216797,31.468881607055664,28.824861526489258,1.92,NA,1,NA,NA,NA,P5 — Intermediate
262,PARQUE EL ROSAL,41091.7811233,Urban Park,0.07489436864852905,0.029294613748788834,0.10418898239731789,0.7181426736258498,0.2808984523138106,High Woody Cover,Good condition,BANDEJON,MAIPU,17.701229095458984,31.754837036132812,28.600046157836914,4.11,NA,6,NA,NA,NA,P5 — Intermediate
263,PARQUE LOS ROSALES,11662.57943687,Urban Park,0.07562875747680664,0.03065742366015911,0.10628618113696575,0.7108889206149736,0.2881711076807009,High Woody Cover,Good condition,PLAZA,MAIPU,17.28232192993164,31.60000228881836,28.5,1.17,NA,4,NA,NA,NA,P5 — Intermediate
264,PARQUE EL ROSAL PONIENTE,31547.59241362,Urban Park,0.1170404851436615,0.04243997484445572,0.15948045998811722,0.7334261672912626,0.2659471895720561,High Woody Cover,Good condition,PARQUE,MAIPU,17.57073402404785,31.437057495117188,28.594833374023438,3.15,NA,7,NA,NA,NA,P5 — Intermediate
265,PARQUE INGENIERO EDUARDO DOMINGUEZ,23830.71735304,Urban Park,0.08275070786476135,0.03276710957288742,0.11551781743764877,0.7157262582766515,0.2834088231302092,High Woody Cover,Good condition,BANDEJON,MAIPU,17.580278396606445,31.670873641967773,28.568273544311523,2.38,NA,5,NA,NA,NA,P5 — Intermediate
266,PARQUE LAS TORRES,41417.31696577,Urban Park,0.07716424018144608,0.03186801075935364,0.10903225094079971,0.7070709118178536,0.2920127687702591,High Woody Cover,Good condition,PLAZA,MAIPU,19.166765213012695,31.303279876708984,28.626340866088867,4.14,NA,3,NA,NA,NA,P5 — Intermediate
267,PARQUE LAS PARCELAS,18723.43389592,Urban Park,0.07361305505037308,0.029093405231833458,0.10270646028220654,0.7160353040879263,0.2829919943938471,High Woody Cover,Poor condition,BANDEJON,MAIPU,19.195070266723633,31.382259368896484,28.718475341796875,1.87,NA,5,NA,NA,NA,P5 — Intermediate
268,PARQUE TRES PONIENTE,349327.69041224,Urban Park,0.07492394745349884,0.03582397475838661,0.11074792221188545,0.6759165707254481,0.3231812923828125,High Woody Cover,Good condition,PARQUE,MAIPU,18.15100860595703,31.112512588500977,28.552520751953125,34.93,NA,1,NA,NA,NA,P5 — Intermediate
269,PARQUE FERROCARRIL,56866.23411472,Urban Park,0.08407565206289291,0.0341809056699276,0.11825655773282051,0.7103590512718888,0.288796044128691,High Woody Cover,Poor condition,PARQUE,MAIPU,18.37015724182129,31.27387237548828,28.064823150634766,5.69,NA,4,NA,NA,NA,P5 — Intermediate
270,PARQUE PUERTA DE HIERRO,13476.3518891,Urban Park,0.09359877556562424,0.03742438554763794,0.13102316111326218,0.713823360960426,0.2854139972671291,High Woody Cover,Poor condition,PLAZA,MAIPU,18.31614112854004,31.465456008911133,28.899999618530273,1.35,NA,5,NA,NA,NA,P5 — Intermediate
272,PARQUE  AMERICO VESPUCIO - ALFONSO VIAL,10590.23568061,Urban Park,0.0702642947435379,0.028926409780979156,0.09919070452451706,0.7076623645689623,0.29133049180688,High Woody Cover,Good condition,BANDEJON,MAIPU,18.600643157958984,31.53583335876465,28.775440216064453,1.06,NA,4,NA,NA,NA,P5 — Intermediate
274,PARQUE ESQUINA BLANCA,45749.42808186,Urban Park,0.07902609556913376,0.0333893746137619,0.11241547018289566,0.7023575997209592,0.29675363360688933,High Woody Cover,Good condition,BANDEJON,MAIPU,18.535371780395508,31.63658332824707,28.434417724609375,4.57,NA,3,NA,NA,NA,P5 — Intermediate
277,PARQUE LICEO,11634.42477051,Urban Park,0.07706737518310547,0.035470109432935715,0.11253748461604118,0.6842071753094704,0.31490502077391264,High Woody Cover,Poor condition,PARQUE,MAIPU,18.73172378540039,31.372018814086914,28.58898162841797,1.16,NA,1,NA,NA,NA,P5 — Intermediate
278,PARQUE ESDRAS,35582.21873064,Urban Park,0.08732075244188309,0.034238047897815704,0.12155880033969879,0.7177512206109534,0.2814268084365073,High Woody Cover,Poor condition,PARQUE,MAIPU,18.2273006439209,31.198116302490234,27.71626091003418,3.56,NA,5,NA,NA,NA,P5 — Intermediate
279,PARQUE CENTRAL,41684.34557809,Urban Park,0.0769648477435112,0.034320835024118423,0.11128568276762962,0.6909761275519906,0.3081260909960735,High Woody Cover,Good condition,BANDEJON,MAIPU,18.324586868286133,31.46600341796875,27.789634704589844,4.17,NA,2,NA,NA,NA,P5 — Intermediate
280,PARQUE BARRIO NORTE,23796.51835715,Urban Park,0.08008803427219391,0.03646022081375122,0.11654825508594513,0.6865772163774412,0.312565505475309,High Woody Cover,Good condition,PARQUE,MAIPU,18.212182998657227,31.350587844848633,28.035978317260742,2.38,NA,2,NA,NA,NA,P5 — Intermediate
282,PARQUE GALICIA,13930.35410742,Urban Park,0.07120915502309799,0.029548536986112595,0.10075769200921059,0.7060359364221321,0.29297256755998485,High Woody Cover,Good condition,PLAZA,MAIPU,18.043973922729492,31.29508399963379,28.64191246032715,1.39,NA,3,NA,NA,NA,P5 — Intermediate
284,PARQUE ELIZABETH HEISSE,11398.65585717,Urban Park,0.06855017691850662,0.028740277513861656,0.09729045443236828,0.7038695662531335,0.2951036390719382,High Woody Cover,Poor condition,PLAZA,MAIPU,19.072067260742188,31.408430099487305,28.56428337097168,1.14,NA,3,NA,NA,NA,P5 — Intermediate
295,PARQUE DEPARTAMENTAL ORIENTE,16623.52349082,Urban Park,0.07158173620700836,0.030916720628738403,0.10249845683574677,0.6976882344498213,0.3013370920211207,High Woody Cover,Good condition,PLAZA,PENALOLEN,18.602092742919922,31.788679122924805,28.848888397216797,1.66,NA,2,NA,NA,NA,P5 — Intermediate
297,PARQUE LAS PERDICES,34443.14436555,Urban Park,0.0923047810792923,0.03155626356601715,0.12386104464530945,0.7446273250068566,0.25456596994894076,High Woody Cover,Poor condition,PLAZA,LA REINA,17.71432113647461,31.701440811157227,29.447038650512695,3.44,NA,8,NA,NA,NA,P5 — Intermediate
298,PARQUE TOBALABA-PARQUE MAYOR JULIO BENIMELLI,29126.60441411,Urban Park,0.0878334641456604,0.031575094908475876,0.11940855905413628,0.7349554278022267,0.26420781204610333,High Woody Cover,Good condition,VEREDA,LA REINA,17.97862434387207,31.948198318481445,30.257308959960938,2.91,NA,7,NA,NA,NA,P5 — Intermediate
299,PARQUE TOBALABA ENTRE SIMON BOLIVAR Y LARRAIN,26221.06083937,Urban Park,0.07934650778770447,0.03009846806526184,0.10944497585296631,0.7243281325307434,0.27475900040966433,High Woody Cover,Good condition,VEREDA,LA REINA,18.374439239501953,32.00407409667969,29.66189956665039,2.62,NA,6,NA,NA,NA,P5 — Intermediate
301,PARQUE ALBERTO HURTADO,561701.21572754,Urban Park,0.2805883586406708,0.0792851522564888,0.3598735108971596,0.779469461353871,0.22025274042772466,High Woody Cover,Good condition,PARQUE,LA REINA,16.531824111938477,31.622934341430664,29.19236946105957,56.17,NA,9,NA,NA,NA,P5 — Intermediate
302,PARQUE MUNICIPAL,400277.15051483,Urban Park,0.2851940393447876,0.04083962365984917,0.32603366300463676,0.8744698008703655,0.12522357638152962,High Woody Cover,Good condition,PARQUE,LA REINA,17.74506187438965,31.7540283203125,29.01513671875,40.03,NA,10,NA,NA,NA,P5 — Intermediate
304,PARQUE SANTIAGO AMENGUAL,85672.80389986,Urban Park,0.08269136399030685,0.04987097159028053,0.1325623355805874,0.6233220878285756,0.3759241187185778,High Woody Cover,Poor condition,PARQUE,PUDAHUEL,17.931928634643555,31.834508895874023,29.446229934692383,8.57,NA,1,NA,NA,NA,P5 — Intermediate
306,PARQUE ESTERO EL CARRIZO,46716.37914899,Urban Park,0.18972401320934296,0.053124867379665375,0.24284888058900833,0.7809215368655895,0.21866685391127869,High Woody Cover,Good condition,BANDEJON,LO BARNECHEA,16.5271053314209,30.750200271606445,27.942649841308594,4.67,NA,9,NA,NA,NA,P5 — Intermediate
307,PARQUE LAS PATAGUAS,10779.11345072,Urban Park,0.07826979458332062,0.030290475115180016,0.10856026969850063,0.7203165867386084,0.27876311368660245,High Woody Cover,Good condition,BANDEJON,LO BARNECHEA,16.95052719116211,30.24688148498535,28.31595230102539,1.08,NA,6,NA,NA,NA,P5 — Intermediate
309,PARQUE CARDENAL RAUL SILVA HENRIQUEZ,34281.1207296,Urban Park,0.10204756259918213,0.033761683851480484,0.1358092464506626,0.7508507718511055,0.24841344303778887,High Woody Cover,Good condition,PARQUE,LO PRADO,19.115768432617188,32.365169525146484,29.50059700012207,3.43,NA,8,NA,NA,NA,P5 — Intermediate
310,PARQUE LO PRADO,24448.02417629,Urban Park,0.09698863327503204,0.03148142248392105,0.1284700557589531,0.7543640912536367,0.24485812266382886,High Woody Cover,Good condition,PARQUE,LO PRADO,19.118209838867188,32.5772590637207,29.514657974243164,2.44,NA,8,NA,NA,NA,P5 — Intermediate
311,PARQUE SANTIAGO BUERAS,33877.34193577,Urban Park,0.06481802463531494,0.027070537209510803,0.09188856184482574,0.7046313512831691,0.29428155703940373,High Woody Cover,Good condition,PARQUE,LO PRADO,19.21722412109375,31.959070205688477,28.86406898498535,3.39,NA,3,NA,NA,NA,P5 — Intermediate
312,PARQUE LAS TORRES,34419.87119458,Urban Park,0.0716257095336914,0.02821643091738224,0.09984214045107365,0.7166717583835973,0.2823276626859468,High Woody Cover,Good condition,PLAZA,LO PRADO,19.555936813354492,32.18257522583008,29.808401107788086,3.44,NA,5,NA,NA,NA,P5 — Intermediate
313,PARQUE EDUARDO FREI MONTALVA,26694.2476745,Urban Park,0.07258477807044983,0.028113238513469696,0.10069801658391953,0.7201012532822932,0.278906663704677,High Woody Cover,Good condition,PLAZA,LO PRADO,19.119890213012695,32.21324157714844,29.71477508544922,2.67,NA,6,NA,NA,NA,P5 — Intermediate
314,PARQUE LAS TORRES,13529.35619997,Urban Park,0.06199635937809944,0.026089219376444817,0.08808557875454426,0.7030215172784668,0.29584451046198323,High Woody Cover,Poor condition,PLAZA,LO PRADO,19.808002471923828,32.06308364868164,29.703125,1.35,NA,3,NA,NA,NA,P5 — Intermediate
315,PARQUE LAS TORRES,69435.41388772,Urban Park,0.06499401479959488,0.02702660858631134,0.09202062338590622,0.7055316433034309,0.2933828234432705,High Woody Cover,Poor condition,PLAZA,QUILICURA,18.69915199279785,32.844242095947266,30.859771728515625,6.94,NA,3,NA,NA,NA,P5 — Intermediate
316,PARQUE G,35715.30926934,Urban Park,0.08708564192056656,0.0324123352766037,0.11949797719717026,0.728153134036677,0.2710107314203855,High Woody Cover,Poor condition,PARQUE,RECOLETA,18.4377498626709,32.48375701904297,30.2512149810791,3.57,NA,7,NA,NA,NA,P5 — Intermediate
319,PARQUE LA CASTRINA,65183.4814938,Urban Park,0.12305701524019241,0.03799779713153839,0.1610548123717308,0.7635950390134216,0.2357844396473253,High Woody Cover,Good condition,PARQUE,SAN JOAQUIN,18.79747772216797,31.84825325012207,29.032310485839844,6.52,NA,8,NA,NA,NA,P5 — Intermediate
320,PARQUE LAS INDUSTRIAS,26275.34016495,Urban Park,0.06868132948875427,0.02671247534453869,0.09539380483329296,0.7192228816168105,0.27972993003233704,High Woody Cover,Poor condition,BANDEJON,SAN JOAQUIN,19.248842239379883,31.799705505371094,29.161449432373047,2.63,NA,6,NA,NA,NA,P5 — Intermediate
322,PARQUE AV ESTADIO,11777.71712878,Urban Park,0.06842497736215591,0.02910396084189415,0.09752893820405006,0.7008677818368135,0.29810793169813243,High Woody Cover,Good condition,BANDEJON,SAN JOAQUIN,19.785926818847656,31.46085548400879,29.313220977783203,1.18,NA,2,NA,NA,NA,P5 — Intermediate
323,PARQUE MAIHUE,10139.87030655,Urban Park,0.06692500412464142,0.02741819992661476,0.09434320405125618,0.7086269975372702,0.29031416502699725,High Woody Cover,Good condition,PLAZA,SAN JOAQUIN,19.4447078704834,31.599998474121094,29.133760452270508,1.01,NA,4,NA,NA,NA,P5 — Intermediate
325,PARQUE EL ESFUERZO,27961.92470515,Urban Park,0.06511737406253815,0.027632497251033783,0.09274987131357193,0.7013189479027301,0.2976040446810476,High Woody Cover,Poor condition,PLAZA,EL BOSQUE,18.497634887695312,31.19696807861328,29.244705200195312,2.8,NA,3,NA,NA,NA,P5 — Intermediate
328,PARQUE LO BLANCO,18169.64831614,Urban Park,0.12935152649879456,0.04273609071969986,0.17208761721849442,0.751224324886593,0.24819491325831322,High Woody Cover,Good condition,PLAZA,EL BOSQUE,18.139083862304688,31.540477752685547,28.840253829956055,1.82,NA,8,NA,NA,NA,P5 — Intermediate
331,PARQUE PORTALES,18813.22408204,Urban Park,0.07225343585014343,0.027827631682157516,0.10008106753230095,0.7212284479484815,0.27777335945422194,High Woody Cover,Good condition,BANDEJON,SANTIAGO,19.37943458557129,32.004119873046875,29.189184188842773,1.88,NA,6,NA,NA,NA,P5 — Intermediate
332,PARQUE ALMAGRO,44314.08424628,Urban Park,0.10730022192001343,0.03302527219057083,0.14032549411058426,0.7641078466529385,0.23518003194322837,High Woody Cover,Good condition,PARQUE,SANTIAGO,20.102922439575195,31.242408752441406,29.196369171142578,4.43,NA,8,NA,NA,NA,P5 — Intermediate
333,PARQUE QUINTA NORMAL,332018.15454693,Urban Park,0.16736054420471191,0.03295588120818138,0.2003164254128933,0.835064011644353,0.16443702725605666,High Woody Cover,Good condition,PARQUE,SANTIAGO,17.72731590270996,32.12424087524414,28.947086334228516,33.2,NA,10,NA,NA,NA,P5 — Intermediate
334,PARQUE JARDINES DE LA VIÑA,34039.24989851,Urban Park,0.08323810994625092,0.03366788849234581,0.11690599843859673,0.7114003645713363,0.2877449783911232,High Woody Cover,Good condition,BANDEJON,LA FLORIDA,18.70419692993164,31.186859130859375,27.929113388061523,3.4,NA,4,NA,NA,NA,P5 — Intermediate
336,PARQUE CUMELÉN Y TALUDES,11149.19882,Urban Park,0.08551286906003952,0.030219456180930138,0.11573232524096966,0.7382470211328693,0.2608896620012043,High Woody Cover,Good condition,PLAZA,LA FLORIDA,18.336397171020508,32.2668571472168,28.79340171813965,1.11,NA,7,NA,NA,NA,P5 — Intermediate
337,PARQUE LAS MERCEDES,13824.57406038,Urban Park,0.072772882878780365,0.029889104887843132,0.1026619877666235,0.7081692799097117,0.2908575976140366,High Woody Cover,Good condition,PLAZA,LA FLORIDA,16.879844665527344,31.79326629638672,28.59984016418457,1.38,NA,4,NA,NA,NA,P5 — Intermediate
338,PARQUE SANTA SOFÍA,20756.64343426,Urban Park,0.21213412284851074,0.03776908293366432,0.24990320578217506,0.8485256106409323,0.15107439448825347,High Woody Cover,NA,NA,NA,17.064449310302734,30.973613739013672,28.164836883544922,2.08,NA,10,NA,NA,NA,P5 — Intermediate
339,PARQUE EL QUISCO,15193.12593112,Urban Park,0.07248638570308685,0.030415622517466545,0.1029020082205534,0.7037375965318573,0.29529154861077067,High Woody Cover,Good condition,PLAZA,LA FLORIDA,18.911697387695312,31.31031608581543,28.96512794494629,1.52,NA,3,NA,NA,NA,P5 — Intermediate
340,PARQUE T,13571.67287445,Urban Park,0.07490919530391693,0.03064817190170288,0.10555736720561981,0.7089822251404025,0.29007131932464747,High Woody Cover,Poor condition,PLAZA,LA FLORIDA,18.314725875854492,31.27377700805664,28.21183204650879,1.36,NA,4,NA,NA,NA,P5 — Intermediate
344,PARQUE ESTEBAN GUMUCIO,33674.35870738,Urban Park,0.0681084468960762,0.02884628064930439,0.09695472754538059,0.7017530069746498,0.29721664651334495,High Woody Cover,Good condition,PLAZA,LA GRANJA,19.277633666992188,32.543392181396484,29.189563751220703,3.37,NA,3,NA,NA,NA,P5 — Intermediate
346,PARQUE COMBARBALA,28026.72874317,Urban Park,0.06957536935806274,0.027866290882229805,0.09744166024029255,0.7132887546374007,0.2856860423903138,High Woody Cover,Poor condition,BANDEJON,LA GRANJA,19.301410675048828,32.32081604003906,29.747093200683594,2.8,NA,5,NA,NA,NA,P5 — Intermediate
347,PARQUE MUNICIPAL HÉCTOR PINO BURGOS,44567.60329267,Urban Park,NA,NA,NA,NA,NA,Mixed/Balanced,NA,NA,NA,NA,NA,NA,4.46,NA,NA,NA,NA,NA,P5 — Intermediate
353,PARQUE ARBOLEDA EL CORTIJO,18385.22756623,Urban Park,0.07510136812925339,0.029725026339292526,0.10482639446854591,0.7157528714261381,0.2832940795292769,High Woody Cover,Poor condition,VEREDA,CONCHALI,18.561840057373047,32.12732696533203,29.987262725830078,1.84,NA,5,NA,NA,NA,P5 — Intermediate
355,PARQUE QUILIN LAS PIRCAS,11985.9537517,Urban Park,0.3492153584957123,0.040345001965761185,0.38956036046147346,0.8962044742814941,0.10353889196730387,High Woody Cover,Good condition,VEREDA,PENALOLEN,16.35384750366211,30.299999237060547,28.125890731811523,1.2,NA,10,NA,NA,NA,P5 — Intermediate
357,PARQUE VICENTE HUIDOBRO,53985.2560729,Urban Park,NA,NA,NA,NA,NA,Mixed/Balanced,NA,NA,NA,NA,NA,NA,5.4,NA,NA,NA,NA,NA,P5 — Intermediate
358,PARQUE EL DIAMANTE,13500.26681896,Urban Park,NA,NA,NA,NA,NA,Mixed/Balanced,NA,NA,NA,NA,NA,NA,1.35,NA,NA,NA,NA,NA,P5 — Intermediate
359,PARQUE O'HIGGINS,14800.56636304,Urban Park,NA,NA,NA,NA,NA,Mixed/Balanced,NA,NA,NA,NA,NA,NA,1.48,NA,NA,NA,NA,NA,P5 — Intermediate
360,PARQUE DE MAIPO,26018.15429673,Urban Park,NA,NA,NA,NA,NA,Mixed/Balanced,NA,NA,NA,NA,NA,NA,2.6,NA,NA,NA,NA,NA,P5 — Intermediate
369,PARQUE LO VARAS,19928.0662382,Urban Park,0.08860751986503601,0.03600842505693436,0.12461594492197037,0.7104746704238507,0.28872350748305153,High Woody Cover,Good condition,PLAZA,RENCA,19.28733253479004,32.35527801513672,30.002197265625,1.99,NA,4,NA,NA,NA,P5 — Intermediate
371,PARQUE AV LA MONTAÑA,78930.12758948,Urban Park,0.0936201736330986,0.0369144044816494,0.130534578114748,0.7166569141507363,0.28257759174009955,High Woody Cover,NA,NA,NA,17.373859405517578,33.19469451904297,30.601783752441406,7.89,NA,5,NA,NA,NA,P5 — Intermediate
372,PARQUE AV GENERAL SAN MARTÍN,40871.07126281,Urban Park,0.09497911483049393,0.054135970771312714,0.14911508560180664,0.6365248825038636,0.3628049439704725,High Woody Cover,NA,NA,NA,17.29615592956543,33.36040115356445,30.699722290039062,4.09,NA,1,NA,NA,NA,P5 — Intermediate
373,PARQUE CIUDAD CHICAUMA,19536.92734773,Urban Park,0.08281136304140091,0.037935130298137665,0.12074649333953857,0.6852607862499447,0.31391171766608506,High Woody Cover,NA,NA,NA,18.07427978515625,32.37060546875,30.14499855041504,1.95,NA,2,NA,NA,NA,P5 — Intermediate
376,PARQUE AV LOS HALCONES,40744.78549988,Urban Park,NA,NA,NA,NA,NA,Mixed/Balanced,NA,NA,NA,NA,NA,NA,4.07,NA,NA,NA,NA,NA,P5 — Intermediate
378,PARQUE LOS REYES,30362.84648301,Urban Park,0.13947565853595734,0.04218270257115364,0.18165836110711098,0.7673685968909224,0.23208122209186952,High Woody Cover,Good condition,PARQUE,QUINTA NORMAL,19.152570724487305,31.55347442626953,29.400033950805664,3.04,NA,9,NA,NA,NA,P5 — Intermediate
379,PARQUE ESTERO LAS HUALTATAS,110198.33347103,Urban Park,0.11088241636753082,0.036308132112026215,0.14719054847955704,0.752814199635631,0.24650687017480655,High Woody Cover,Good condition,PLAZA,LO BARNECHEA,16.885818481445312,31.005252838134766,28.0234432220459,11.02,NA,8,NA,NA,NA,P5 — Intermediate
382,Parque comunal Alhué,14173.57301094,Urban Park,NA,NA,NA,NA,NA,Mixed/Balanced,NA,NA,NA,NA,NA,NA,1.42,NA,NA,NA,NA,NA,P5 — Intermediate
384,PARQUE NATURAL CERROS DE RENCA,89594.79751916,Urban Park,0.1268356889486313,0.04319172352552414,0.17002741247415543,0.7455335216357287,0.25387868361358595,High Woody Cover,Poor condition,PARQUE,RENCA,18.579757690429688,32.4666748046875,30.15129852294922,8.96,NA,8,NA,NA,NA,P5 — Intermediate
403,"Parque Forestal, Sector 5",10547.80196403,Urban Park,0.09899096190929413,0.02996917814016342,0.12896014004945755,0.7670142142365528,0.2322109531934402,High Woody Cover,Good condition,PARQUE,SANTIAGO,20.0196475982666,31.673036575317383,29.02584457397461,1.05,NA,9,NA,NA,NA,P5 — Intermediate
420,Parque Mirador Viejo,28329.13899784,Urban Park,0.06905766576528549,0.03407082334160805,0.10312848910689354,0.6689787515322052,0.3300525236432315,High Woody Cover,Poor condition,PLAZA,INDEPENDENCIA,19.490550994873047,32.06764602661133,29.476482391357422,2.83,NA,1,NA,NA,NA,P5 — Intermediate
421,Parque Avda. Las Flores,27323.95122695,Urban Park,0.07701994478702545,0.033254049718379974,0.11027399450540543,0.6978088011778308,0.3012851883035854,High Woody Cover,NA,NA,NA,NA,NA,NA,2.73,NA,2,NA,NA,NA,P5 — Intermediate
424,Parque Alto El Manzano,28709.54738319,Urban Park,NA,NA,NA,NA,NA,Mixed/Balanced,NA,NA,NA,NA,NA,NA,2.87,NA,NA,NA,NA,NA,P5 — Intermediate
427,Parque Condominio Los Ríos,16063.65448317,Urban Park,NA,NA,NA,NA,NA,Mixed/Balanced,NA,NA,NA,NA,NA,NA,1.61,NA,NA,NA,NA,NA,P5 — Intermediate
430,Parque San Andrés,14085.30202649,Urban Park,0.06712212413549423,0.03155108168721199,0.09867320582270622,0.6795580195703644,0.31942956011618034,High Woody Cover,NA,NA,NA,18.645610809326172,32.038028717041016,29.75562286376953,1.41,NA,1,NA,NA,NA,P5 — Intermediate
444,Parque La Aguada,14423.6660566,Urban Park,0.08012180030345917,0.04464155063033104,0.12476335093379021,0.6416758777036538,0.35752324678522024,High Woody Cover,Good condition,PLAZA,SAN JOAQUIN,19.580219268798828,31.45383644104004,29.355735778808594,1.44,NA,1,NA,NA,NA,P5 — Intermediate
445,Parque lineal en Manquehue Sur,17463.352097,Urban Park,0.07906650006771088,0.02978016436100006,0.10884666442871094,0.725735849576633,0.2733462700961043,High Woody Cover,Good condition,BANDEJON,LAS CONDES,19.27427101135254,31.855680465698242,29.762121200561523,1.75,NA,7,NA,NA,NA,P5 — Intermediate
455,Parque Centenario,16431.24733586,Urban Park,0.09162423759698868,0.04620729759335518,0.13783153519034386,0.6642733111796976,0.33500169145213726,High Woody Cover,NA,NA,NA,19.53913688659668,32.19682693481445,28.853599548339844,1.64,NA,1,NA,NA,NA,P5 — Intermediate
463,Parque Mapocho 42k Vitacura,25774.75465948,Urban Park,0.16836372017860413,0.04765906557440758,0.2160227857530117,0.7790188322438739,0.22051846781612866,High Woody Cover,NA,NA,NA,18.65151023864746,31.459026336669922,29.60335350036621,2.58,NA,9,NA,NA,NA,P5 — Intermediate
467,Parque Quebrada Honda,32754.80775776,Urban Park,0.11164594441652298,0.03536262735724449,0.14700857177376747,0.7589356831512097,0.24038454680688015,High Woody Cover,Good condition,PLAZA,LAS CONDES,17.091894149780273,29.593250274658203,27.85399055480957,3.28,NA,8,NA,NA,NA,P5 — Intermediate
469,Parque Sauce,6725.53573106,Urban Park,NA,NA,NA,NA,NA,Mixed/Balanced,NA,NA,NA,NA,NA,NA,0.67,NA,NA,NA,NA,NA,P5 — Intermediate
495,Parque Caletera Autopista Los Libertadores,22876.30720765,Urban Park,0.08634421974420547,0.03435402363538742,0.1206982433795929,0.7147804250172737,0.2843917483752999,High Woody Cover,Poor condition,PLAZA,HUECHURABA,18.242338180541992,32.47620391845703,30.15855598449707,2.29,NA,5,NA,NA,NA,P5 — Intermediate
509,"PARQUE DE LOS REYES, SECTOR 1",41468.26241797,Urban Park,0.13006989657878876,0.04482073336839676,0.17489062994718552,0.7432963503134172,0.25613219051742514,High Woody Cover,Good condition,PARQUE,SANTIAGO,20.282793045043945,31.766983032226562,29.582321166992188,4.15,NA,8,NA,NA,NA,P5 — Intermediate
517,Parque Huechuraba,49293.33738245,Urban Park,0.13834819197654724,0.029515471309423447,0.1678636632859707,0.8236792962832629,0.17572533684962058,High Woody Cover,NA,NA,NA,17.601062774658203,31.90048599243164,29.8267879486084,4.93,NA,10,NA,NA,NA,P5 — Intermediate
524,PARQUE TOBALABA,16367.7370977,Urban Park,0.08833243697881699,0.031180206686258316,0.1195126436650753,0.738487456444443,0.2606765115364001,High Woody Cover,Poor condition,PLAZA,PENALOLEN,17.78216552734375,31.41182518005371,29.476083755493164,1.64,NA,7,NA,NA,NA,P5 — Intermediate
525,PARQUE SÁNCHEZ FONTECILLA,21431.83545166,Urban Park,0.0846170112490654,0.03331473469734192,0.11793174594640732,0.7169004454741016,0.2822523248319022,High Woody Cover,Poor condition,PLAZA,PENALOLEN,17.667266845703125,31.430049896240234,29.490219116210938,2.14,NA,5,NA,NA,NA,P5 — Intermediate
530,PARQUE TOBALABA,12735.12933512,Urban Park,0.10199142247438431,0.03613527491688728,0.1381266973912716,0.737856176840297,0.2614203739137377,High Woody Cover,Poor condition,PLAZA,PENALOLEN,18.20929527282715,31.958738327026367,30.13733673095703,1.27,NA,7,NA,NA,NA,P5 — Intermediate
532,PARQUE SÁNCHEZ FONTECILLA,13592.68607962,Urban Park,0.08983337134122849,0.032858848571777344,0.12269221991300583,0.7315884622402984,0.26759715391623945,High Woody Cover,Poor condition,PLAZA,PENALOLEN,18.442968368530273,32.05020523071289,29.6848087310791,1.36,NA,7,NA,NA,NA,P5 — Intermediate
536,PARQUE MARATHON,17059.80135049,Urban Park,0.06718552112579346,0.028480831533670425,0.09566635265946388,0.7015566455234944,0.2973991463885607,High Woody Cover,Poor condition,BANDEJON,MACUL,19.342540740966797,32.16360092163086,29.38689422607422,1.71,NA,3,NA,NA,NA,P5 — Intermediate
546,CASA PARQUE GARCIA DE LA HUERTA,26581.42197417,Urban Park,0.14318956434726715,0.034336790442466736,0.1775263547897339,0.8061279223838633,0.19330909809590524,High Woody Cover,NA,NA,NA,18.09075164794922,31.049728393554688,28.11248779296875,2.66,NA,9,NA,NA,NA,P5 — Intermediate
548,Parque Lenka Franulic,11232.54717068,Urban Park,0.0933416485786438,0.03383713588118553,0.12717878445982933,0.7333637650201124,0.265850558086253,High Woody Cover,Poor condition,PLAZA,SAN BERNARDO,16.823638916015625,30.404296875,27.442913055419922,1.12,NA,7,NA,NA,NA,P5 — Intermediate
553,Parque Brasil E1,131523.95611541,Urban Park,0.1215602234005928,0.06781018525362015,0.18937040865421295,0.6415789371228016,0.3578932759752211,High Woody Cover,Poor condition,PARQUE,LA GRANJA,18.481779098510742,31.423221588134766,29.39253807067871,13.15,NA,1,NA,NA,NA,P5 — Intermediate
